ID,ActMode,EpNum,Date,Time,Act,Sleep,Down,IntCustom,Bad,Event,Light,LifeMeasure,OffWrist,PIM
unknown,ZCM,1,6/19/2024,10:37:00,167,1,0,0,0,0,187.8295,0,1,4046.667
unknown,ZCM,2,6/19/2024,10:38:00,0,1,0,0,0,0,168.8571,0,1,0
unknown,ZCM,3,6/19/2024,10:39:00,0,1,0,0,0,0,174.0939,0,1,0
unknown,ZCM,4,6/19/2024,10:40:00,0,1,0,0,0,0,173.2983,0,1,0
unknown,ZCM,5,6/19/2024,10:41:00,0,1,0,0,0,0,170.7527,0,1,0
unknown,ZCM,6,6/19/2024,10:42:00,144,0,0,0,0,1,174.3591,0,1,1736.444
unknown,ZCM,7,6/19/2024,10:43:00,209,0,0,0,0,1,182.7569,0,1,4179.889
unknown,ZCM,8,6/19/2024,10:44:00,14,0,0,0,0,0,123.4646,0,1,23.94444
unknown,ZCM,9,6/19/2024,10:45:00,17,0,0,0,0,0,110.1786,0,1,339.7222
unknown,ZCM,10,6/19/2024,10:46:00,18,0,0,0,0,0,73.38938,0,1,10.33333
unknown,ZCM,11,6/19/2024,10:47:00,6,0,0,0,0,0,72.76991,0,1,3.944444
unknown,ZCM,12,6/19/2024,10:48:00,12,0,0,0,0,0,72.41593,0,1,6.666667
unknown,ZCM,13,6/19/2024,10:49:00,0,1,0,0,0,0,71.79646,0,1,0
unknown,ZCM,14,6/19/2024,10:50:00,0,1,0,0,0,0,72.50443,0,1,0
unknown,ZCM,15,6/19/2024,10:51:00,0,1,0,0,0,0,72.9469,0,1,0
unknown,ZCM,16,6/19/2024,10:52:00,0,1,0,0,0,0,70.25926,0,1,0
unknown,ZCM,17,6/19/2024,10:53:00,0,1,0,0,0,0,69.88889,0,1,0
unknown,ZCM,18,6/19/2024,10:54:00,0,1,0,0,0,0,69.05556,0,1,0
unknown,ZCM,19,6/19/2024,10:55:00,0,1,0,0,0,0,70.25926,0,1,0
unknown,ZCM,20,6/19/2024,10:56:00,7,1,0,0,0,0,70.53704,0,1,4.833333
unknown,ZCM,21,6/19/2024,10:57:00,0,1,0,0,0,0,69.88889,0,1,0
unknown,ZCM,22,6/19/2024,10:58:00,5,1,0,0,0,0,69.61111,0,1,8.777778
unknown,ZCM,23,6/19/2024,10:59:00,4,1,0,0,0,0,73.0354,0,1,1.111111
unknown,ZCM,24,6/19/2024,11:00:00,0,1,0,0,0,0,70.90741,0,1,0
unknown,ZCM,25,6/19/2024,11:01:00,0,1,0,0,0,0,66.83334,0,1,0
unknown,ZCM,26,6/19/2024,11:02:00,0,1,0,0,0,0,64.24074,0,1,0
unknown,ZCM,27,6/19/2024,11:03:00,0,1,0,0,0,0,63.87037,0,1,0
unknown,ZCM,28,6/19/2024,11:04:00,6,0,0,0,0,0,65.62963,0,1,2.5
unknown,ZCM,29,6/19/2024,11:05:00,0,0,0,0,0,0,69.42593,0,1,0
unknown,ZCM,30,6/19/2024,11:06:00,285,0,0,0,0,0,37.30435,10000,0,5261.222
unknown,ZCM,31,6/19/2024,11:07:00,291,0,0,0,0,0,50.13559,10000,0,12132.72
unknown,ZCM,32,6/19/2024,11:08:00,277,0,0,0,0,0,69.05556,10000,0,11919
unknown,ZCM,33,6/19/2024,11:09:00,285,0,0,0,0,0,13.41667,10000,0,6110.111
unknown,ZCM,34,6/19/2024,11:10:00,260,0,0,0,0,0,26.40517,10000,0,6042.667
unknown,ZCM,35,6/19/2024,11:11:00,233,0,0,0,0,0,19.75,10000,0,2244.722
unknown,ZCM,36,6/19/2024,11:12:00,187,0,0,0,0,0,42.84746,10000,0,1398.722
unknown,ZCM,37,6/19/2024,11:13:00,208,0,0,0,0,0,19.08333,10000,0,1045.556
unknown,ZCM,38,6/19/2024,11:14:00,198,0,0,0,0,0,9.243902,10000,0,2166.111
unknown,ZCM,39,6/19/2024,11:15:00,208,0,0,0,0,0,13.08333,10000,0,4541.278
unknown,ZCM,40,6/19/2024,11:16:00,312,0,0,0,0,0,46.91525,10000,0,9078.667
unknown,ZCM,41,6/19/2024,11:17:00,319,0,0,0,0,0,55.54808,10000,0,6584.333
unknown,ZCM,42,6/19/2024,11:18:00,209,0,0,0,0,0,52.69231,10000,0,9277.889
unknown,ZCM,43,6/19/2024,11:19:00,230,0,0,0,0,0,9.731708,10000,0,3450.722
unknown,ZCM,44,6/19/2024,11:20:00,262,0,0,0,0,0,34.95652,10000,0,11689.39
unknown,ZCM,45,6/19/2024,11:21:00,258,0,0,0,0,0,5.04878,10000,0,2344.5
unknown,ZCM,46,6/19/2024,11:22:00,297,0,0,0,0,0,29.91379,10000,0,12701.17
unknown,ZCM,47,6/19/2024,11:23:00,255,0,0,0,0,0,64.33334,10000,0,2466.167
unknown,ZCM,48,6/19/2024,11:24:00,152,0,0,0,0,0,15,10000,0,507.2778
unknown,ZCM,49,6/19/2024,11:25:00,152,0,0,0,0,0,32.43478,10000,0,724.2222
unknown,ZCM,50,6/19/2024,11:26:00,71,0,0,0,0,0,6.512195,10000,0,1315
unknown,ZCM,51,6/19/2024,11:27:00,268,0,0,0,0,0,13,10000,0,11892.33
unknown,ZCM,52,6/19/2024,11:28:00,160,0,0,0,0,0,8.658537,10000,0,2631.778
unknown,ZCM,53,6/19/2024,11:29:00,176,0,0,0,0,0,6.02439,10000,0,350.2778
unknown,ZCM,54,6/19/2024,11:30:00,137,0,0,0,0,0,39.47826,10000,0,516.7778
unknown,ZCM,55,6/19/2024,11:31:00,195,0,0,0,0,0,55.375,10000,0,461.5
unknown,ZCM,56,6/19/2024,11:32:00,199,0,0,0,0,0,35.65217,10000,0,1145.167
unknown,ZCM,57,6/19/2024,11:33:00,204,0,0,0,0,0,9.731708,10000,0,2665.444
unknown,ZCM,58,6/19/2024,11:34:00,241,0,0,0,0,0,2.272727,10000,0,3467.278
unknown,ZCM,59,6/19/2024,11:35:00,40,0,0,0,0,0,5.634146,10000,0,133.1111
unknown,ZCM,60,6/19/2024,11:36:00,131,0,0,0,0,0,7.585366,10000,0,1338.056
unknown,ZCM,61,6/19/2024,11:37:00,115,0,0,0,0,0,10.21951,10000,0,1095.778
unknown,ZCM,62,6/19/2024,11:38:00,160,0,0,0,0,0,6.219512,10000,0,1766.667
unknown,ZCM,63,6/19/2024,11:39:00,154,0,0,0,0,0,5.04878,10000,0,903.1667
unknown,ZCM,64,6/19/2024,11:40:00,183,0,0,0,0,0,20.41667,10000,0,5621.333
unknown,ZCM,65,6/19/2024,11:41:00,222,0,0,0,0,0,26.97414,10000,0,9486.277
unknown,ZCM,66,6/19/2024,11:42:00,240,0,0,0,0,0,28.49138,10000,0,3545.778
unknown,ZCM,67,6/19/2024,11:43:00,202,0,0,0,0,0,28.30172,10000,0,5552.111
unknown,ZCM,68,6/19/2024,11:44:00,238,0,0,0,0,0,24.69828,10000,0,6301.611
unknown,ZCM,69,6/19/2024,11:45:00,183,0,0,0,0,0,6.707317,10000,0,1821.833
unknown,ZCM,70,6/19/2024,11:46:00,120,0,0,0,0,0,15.5,10000,0,842.0555
unknown,ZCM,71,6/19/2024,11:47:00,162,0,0,0,0,0,19.16667,10000,0,1216.778
unknown,ZCM,72,6/19/2024,11:48:00,130,0,0,0,0,0,24.88793,10000,0,994.3333
unknown,ZCM,73,6/19/2024,11:49:00,184,0,0,0,0,0,21.85345,10000,0,546.3333
unknown,ZCM,74,6/19/2024,11:50:00,176,0,0,0,0,0,9.536586,10000,0,1526.056
unknown,ZCM,75,6/19/2024,11:51:00,167,0,0,0,0,0,8.073171,10000,0,1705.333
unknown,ZCM,76,6/19/2024,11:52:00,188,0,0,0,0,0,1.945455,10000,0,739.8889
unknown,ZCM,77,6/19/2024,11:53:00,268,0,0,0,0,0,15.58333,10000,0,7451.778
unknown,ZCM,78,6/19/2024,11:54:00,228,0,0,0,0,0,11.83333,10000,0,3690.556
unknown,ZCM,79,6/19/2024,11:55:00,220,0,0,0,0,0,6.02439,10000,0,1270.556
unknown,ZCM,80,6/19/2024,11:56:00,164,0,0,0,0,0,8.463414,10000,0,1526.944
unknown,ZCM,81,6/19/2024,11:57:00,197,0,0,0,0,0,12.33333,10000,0,4884.556
unknown,ZCM,82,6/19/2024,11:58:00,151,0,0,0,0,0,15,10000,0,3208.944
unknown,ZCM,83,6/19/2024,11:59:00,271,0,0,0,0,0,10.5122,10000,0,2811.444
unknown,ZCM,84,6/19/2024,12:00:00,153,0,0,0,0,0,2.6,10000,0,1762
unknown,ZCM,85,6/19/2024,12:01:00,197,0,0,0,0,0,19.33333,10000,0,1224.611
unknown,ZCM,86,6/19/2024,12:02:00,155,0,0,0,0,0,24.31897,10000,0,1862.556
unknown,ZCM,87,6/19/2024,12:03:00,177,0,0,0,0,0,13,10000,0,1083.167
unknown,ZCM,88,6/19/2024,12:04:00,246,0,0,0,0,0,11.08333,10000,0,1521.722
unknown,ZCM,89,6/19/2024,12:05:00,171,0,0,0,0,0,1.909091,10000,0,1207.056
unknown,ZCM,90,6/19/2024,12:06:00,152,0,0,0,0,0,5.243902,10000,0,2257.5
unknown,ZCM,91,6/19/2024,12:07:00,204,0,0,0,0,0,6.317073,10000,0,3332.333
unknown,ZCM,92,6/19/2024,12:08:00,260,0,0,0,0,0,5.536585,10000,0,13344.22
unknown,ZCM,93,6/19/2024,12:09:00,218,0,0,0,0,0,27.63793,10000,0,4509.111
unknown,ZCM,94,6/19/2024,12:10:00,233,0,0,0,0,0,78.61062,10000,0,7399.944
unknown,ZCM,95,6/19/2024,12:11:00,193,0,0,0,0,0,16.16667,10000,0,4087.278
unknown,ZCM,96,6/19/2024,12:12:00,110,0,0,0,0,0,20.58333,10000,0,313.4445
unknown,ZCM,97,6/19/2024,12:13:00,156,0,0,0,0,0,22.80172,10000,0,2618.333
unknown,ZCM,98,6/19/2024,12:14:00,213,0,0,0,0,0,24.22414,10000,0,713.0555
unknown,ZCM,99,6/19/2024,12:15:00,172,0,0,0,0,0,26.78448,10000,0,1282.667
unknown,ZCM,100,6/19/2024,12:16:00,87,0,0,0,0,0,23.75,10000,0,1663.611
unknown,ZCM,101,6/19/2024,12:17:00,80,0,0,0,0,0,21.85345,10000,0,581.1111
unknown,ZCM,102,6/19/2024,12:18:00,194,0,0,0,0,0,26.21552,10000,0,265.2778
unknown,ZCM,103,6/19/2024,12:19:00,249,0,0,0,0,0,24.22414,10000,0,2233.556
unknown,ZCM,104,6/19/2024,12:20:00,121,0,0,0,0,0,23.93966,10000,0,508.3333
unknown,ZCM,105,6/19/2024,12:21:00,173,0,0,0,0,0,27.73276,10000,0,742.4445
unknown,ZCM,106,6/19/2024,12:22:00,201,0,0,0,0,0,28.01724,10000,0,2132.611
unknown,ZCM,107,6/19/2024,12:23:00,253,0,0,0,0,0,23.56034,10000,0,2778.056
unknown,ZCM,108,6/19/2024,12:24:00,186,0,0,0,0,0,27.06897,10000,0,1075.722
unknown,ZCM,109,6/19/2024,12:25:00,301,0,0,0,0,0,14.16667,10000,0,14726.67
unknown,ZCM,110,6/19/2024,12:26:00,292,0,0,0,0,0,12.25,10000,0,6381.111
unknown,ZCM,111,6/19/2024,12:27:00,316,0,0,0,0,0,33.13044,10000,0,12137
unknown,ZCM,112,6/19/2024,12:28:00,286,0,0,0,0,0,144.3419,10000,0,10902.06
unknown,ZCM,113,6/19/2024,12:29:00,226,0,0,0,0,0,29.06034,10000,0,8659.111
unknown,ZCM,114,6/19/2024,12:30:00,185,0,0,0,0,0,13.08333,10000,0,2373.278
unknown,ZCM,115,6/19/2024,12:31:00,190,0,0,0,0,0,22.7069,10000,0,3159.389
unknown,ZCM,116,6/19/2024,12:32:00,268,0,0,0,0,0,56.24038,10000,0,6932.222
unknown,ZCM,117,6/19/2024,12:33:00,258,0,0,0,0,0,122.3386,10000,0,2893.889
unknown,ZCM,118,6/19/2024,12:34:00,238,0,0,0,0,0,95.27711,10000,0,3091.667
unknown,ZCM,119,6/19/2024,12:35:00,246,0,0,0,0,0,123.811,10000,0,2559.222
unknown,ZCM,120,6/19/2024,12:36:00,219,0,0,0,0,0,127.3622,10000,0,2806.056
unknown,ZCM,121,6/19/2024,12:37:00,240,0,0,0,0,0,31.24138,10000,0,2206.722
unknown,ZCM,122,6/19/2024,12:38:00,211,0,0,0,0,0,23.93966,10000,0,3301.167
unknown,ZCM,123,6/19/2024,12:39:00,161,0,0,0,0,0,12.75,10000,0,2042.5
unknown,ZCM,124,6/19/2024,12:40:00,243,0,0,0,0,0,15.25,10000,0,1388.722
unknown,ZCM,125,6/19/2024,12:41:00,219,0,0,0,0,0,15.33333,10000,0,2256.556
unknown,ZCM,126,6/19/2024,12:42:00,245,0,0,0,0,0,13.08333,10000,0,3030.056
unknown,ZCM,127,6/19/2024,12:43:00,200,0,0,0,0,0,27.44828,10000,0,2276.944
unknown,ZCM,128,6/19/2024,12:44:00,196,0,0,0,0,0,22.80172,10000,0,2156.889
unknown,ZCM,129,6/19/2024,12:45:00,169,0,0,0,0,0,13.91667,10000,0,462.6111
unknown,ZCM,130,6/19/2024,12:46:00,231,0,0,0,0,0,41.3913,10000,0,3635.778
unknown,ZCM,131,6/19/2024,12:47:00,248,0,0,0,0,0,14.75,10000,0,544.0555
unknown,ZCM,132,6/19/2024,12:48:00,251,0,0,0,0,0,24.41379,10000,0,2395.889
unknown,ZCM,133,6/19/2024,12:49:00,225,0,0,0,0,0,45.47458,10000,0,1737.222
unknown,ZCM,134,6/19/2024,12:50:00,203,0,0,0,0,0,143.3355,10000,0,1500.944
unknown,ZCM,135,6/19/2024,12:51:00,200,0,0,0,0,0,93.15662,10000,0,2243.778
unknown,ZCM,136,6/19/2024,12:52:00,234,0,0,0,0,0,57.79808,10000,0,6756.944
unknown,ZCM,137,6/19/2024,12:53:00,234,0,0,0,0,0,166.9615,10000,0,8203.111
unknown,ZCM,138,6/19/2024,12:54:00,164,0,0,0,0,0,166.3846,10000,0,555.5
unknown,ZCM,139,6/19/2024,12:55:00,268,0,0,0,0,0,234.6762,10000,0,7031.278
unknown,ZCM,140,6/19/2024,12:56:00,302,0,0,0,0,0,89.83761,10000,0,10125.17
unknown,ZCM,141,6/19/2024,12:57:00,262,0,0,0,0,0,227.127,10000,0,2195
unknown,ZCM,142,6/19/2024,12:58:00,275,0,0,0,0,0,213.7206,10000,0,3717.389
unknown,ZCM,143,6/19/2024,12:59:00,286,0,0,0,0,0,98.93976,10000,0,5678.333
unknown,ZCM,144,6/19/2024,13:00:00,298,0,0,0,0,0,24.31897,10000,0,11922.56
unknown,ZCM,145,6/19/2024,13:01:00,207,0,0,0,0,0,18.66667,10000,0,3261.5
unknown,ZCM,146,6/19/2024,13:02:00,191,0,0,0,0,0,16.5,10000,0,1601.333
unknown,ZCM,147,6/19/2024,13:03:00,251,0,0,0,0,0,19.08333,10000,0,3840.278
unknown,ZCM,148,6/19/2024,13:04:00,199,0,0,0,0,0,25.55172,10000,0,1389.722
unknown,ZCM,149,6/19/2024,13:05:00,288,0,0,0,0,0,19.16667,10000,0,19738.39
unknown,ZCM,150,6/19/2024,13:06:00,282,0,0,0,0,0,22.80172,10000,0,8537.889
unknown,ZCM,151,6/19/2024,13:07:00,289,0,0,0,0,0,51.06779,10000,0,2760.944
unknown,ZCM,152,6/19/2024,13:08:00,265,0,0,0,0,0,71.08849,10000,0,3118
unknown,ZCM,153,6/19/2024,13:09:00,280,0,0,0,0,0,68.77778,10000,0,4179.722
unknown,ZCM,154,6/19/2024,13:10:00,278,0,0,0,0,0,55.20192,10000,0,7947.389
unknown,ZCM,155,6/19/2024,13:11:00,275,0,0,0,0,0,57.45192,10000,0,5658.944
unknown,ZCM,156,6/19/2024,13:12:00,290,0,0,0,0,0,89.55556,10000,0,13193.11
unknown,ZCM,157,6/19/2024,13:13:00,291,0,0,0,0,0,91.34188,10000,0,6284.389
unknown,ZCM,158,6/19/2024,13:14:00,312,0,0,0,0,0,99.51807,10000,0,3566.556
unknown,ZCM,159,6/19/2024,13:15:00,260,0,0,0,0,0,97.39759,10000,0,5421.944
unknown,ZCM,160,6/19/2024,13:16:00,244,0,0,0,0,0,85.04273,10000,0,3786.167
unknown,ZCM,161,6/19/2024,13:17:00,274,0,0,0,0,0,81.84615,10000,0,4132.556
unknown,ZCM,162,6/19/2024,13:18:00,230,0,0,0,0,0,54.16346,10000,0,5055.944
unknown,ZCM,163,6/19/2024,13:19:00,262,0,0,0,0,0,85.32478,10000,0,5700.556
unknown,ZCM,164,6/19/2024,13:20:00,228,0,0,0,0,0,72.32743,10000,0,4778
unknown,ZCM,165,6/19/2024,13:21:00,222,0,0,0,0,0,31.90517,10000,0,4386.556
unknown,ZCM,166,6/19/2024,13:22:00,283,0,0,0,0,0,110.0893,10000,0,6643.611
unknown,ZCM,167,6/19/2024,13:23:00,233,0,0,0,0,0,87.95727,10000,0,4608.389
unknown,ZCM,168,6/19/2024,13:24:00,250,0,0,0,0,0,181.2542,10000,0,4281.333
unknown,ZCM,169,6/19/2024,13:25:00,217,0,0,0,0,0,182.1381,10000,0,778.5555
unknown,ZCM,170,6/19/2024,13:26:00,212,0,0,0,0,0,154.1548,10000,0,5639.833
unknown,ZCM,171,6/19/2024,13:27:00,297,0,0,0,0,0,134.1079,10000,0,5727.5
unknown,ZCM,172,6/19/2024,13:28:00,299,0,0,0,0,0,155.4968,10000,0,6405.333
unknown,ZCM,173,6/19/2024,13:29:00,266,0,0,0,0,0,118.8393,10000,0,11428.11
unknown,ZCM,174,6/19/2024,13:30:00,296,0,0,0,0,0,149.7935,10000,0,8319
unknown,ZCM,175,6/19/2024,13:31:00,281,0,0,0,0,0,68.31481,10000,0,6710.222
unknown,ZCM,176,6/19/2024,13:32:00,258,0,0,0,0,0,126.1496,10000,0,3522.278
unknown,ZCM,177,6/19/2024,13:33:00,241,0,0,0,0,0,124.7638,10000,0,3721.611
unknown,ZCM,178,6/19/2024,13:34:00,215,0,0,0,0,0,101.6327,10000,0,3081.389
unknown,ZCM,179,6/19/2024,13:35:00,222,0,0,0,0,0,103.6735,10000,0,4726.5
unknown,ZCM,180,6/19/2024,13:36:00,222,0,0,0,0,0,123.2047,10000,0,7080.111
unknown,ZCM,181,6/19/2024,13:37:00,206,0,0,0,0,0,14.58333,10000,0,6694.944
unknown,ZCM,182,6/19/2024,13:38:00,176,0,0,0,0,0,16.58333,10000,0,2231.556
unknown,ZCM,183,6/19/2024,13:39:00,254,0,0,0,0,0,11.66667,10000,0,5892.667
unknown,ZCM,184,6/19/2024,13:40:00,221,0,0,0,0,0,10.31707,10000,0,487.4445
unknown,ZCM,185,6/19/2024,13:41:00,222,0,0,0,0,0,8.756098,10000,0,2868.778
unknown,ZCM,186,6/19/2024,13:42:00,243,0,0,0,0,0,25.55172,10000,0,4638.167
unknown,ZCM,187,6/19/2024,13:43:00,268,0,0,0,0,0,14.5,10000,0,2645.278
unknown,ZCM,188,6/19/2024,13:44:00,214,0,0,0,0,0,12.58333,10000,0,4650.056
unknown,ZCM,189,6/19/2024,13:45:00,241,0,0,0,0,0,11.5,10000,0,4690.778
unknown,ZCM,190,6/19/2024,13:46:00,227,0,0,0,0,0,44.11864,10000,0,5046.056
unknown,ZCM,191,6/19/2024,13:47:00,207,0,0,0,0,0,56.32692,10000,0,2315.056
unknown,ZCM,192,6/19/2024,13:48:00,210,0,0,0,0,0,15.5,10000,0,1792.611
unknown,ZCM,193,6/19/2024,13:49:00,180,0,0,0,0,0,16.5,10000,0,352.5
unknown,ZCM,194,6/19/2024,13:50:00,234,0,0,0,0,0,10.60976,10000,0,2619.167
unknown,ZCM,195,6/19/2024,13:51:00,202,0,0,0,0,0,2.745455,10000,0,493.0555
unknown,ZCM,196,6/19/2024,13:52:00,224,0,0,0,0,0,8.268292,10000,0,6453.444
unknown,ZCM,197,6/19/2024,13:53:00,295,0,0,0,0,0,27.92241,10000,0,7930.5
unknown,ZCM,198,6/19/2024,13:54:00,285,0,0,0,0,0,118.6607,10000,0,3354.778
unknown,ZCM,199,6/19/2024,13:55:00,288,0,0,0,0,0,36.17391,10000,0,3241.278
unknown,ZCM,200,6/19/2024,13:56:00,218,0,0,0,0,0,36.6087,10000,0,2779.722
unknown,ZCM,201,6/19/2024,13:57:00,164,0,0,0,0,0,132.036,10000,0,793.2222
unknown,ZCM,202,6/19/2024,13:58:00,196,0,0,0,0,0,119.5536,10000,0,883.7222
unknown,ZCM,203,6/19/2024,13:59:00,265,0,0,0,0,0,62.2037,10000,0,11662
unknown,ZCM,204,6/19/2024,14:00:00,313,0,0,0,0,0,8.268292,10000,0,8267.777
unknown,ZCM,205,6/19/2024,14:01:00,306,0,0,0,0,0,15.25,10000,0,9062.223
unknown,ZCM,206,6/19/2024,14:02:00,247,0,0,0,0,0,17.66667,10000,0,1393.333
unknown,ZCM,207,6/19/2024,14:03:00,301,0,0,0,0,0,7.682927,10000,0,4166.611
unknown,ZCM,208,6/19/2024,14:04:00,293,0,0,0,0,0,6.609756,10000,0,8362.056
unknown,ZCM,209,6/19/2024,14:05:00,317,0,0,0,0,0,59.09615,10000,0,20297.67
unknown,ZCM,210,6/19/2024,14:06:00,267,0,0,0,0,0,15.83333,10000,0,11085.83
unknown,ZCM,211,6/19/2024,14:07:00,271,0,0,0,0,0,36.43478,10000,0,7093.5
unknown,ZCM,212,6/19/2024,14:08:00,164,0,0,0,0,0,36.17391,10000,0,490.4445
unknown,ZCM,213,6/19/2024,14:09:00,279,0,0,0,0,0,128.2283,10000,0,7892.778
unknown,ZCM,214,6/19/2024,14:10:00,258,0,0,0,0,0,232.4635,10000,0,5376.5
unknown,ZCM,215,6/19/2024,14:11:00,208,0,0,0,0,0,208.1238,10000,0,2777.111
unknown,ZCM,216,6/19/2024,14:12:00,122,0,0,0,0,0,123.811,10000,0,903.7222
unknown,ZCM,217,6/19/2024,14:13:00,293,0,0,0,0,0,77.0177,10000,0,13398.61
unknown,ZCM,218,6/19/2024,14:14:00,258,0,0,0,0,0,161.6868,10000,0,11499.72
unknown,ZCM,219,6/19/2024,14:15:00,284,0,0,0,0,0,146.8581,10000,0,8922.333
unknown,ZCM,220,6/19/2024,14:16:00,243,0,0,0,0,0,166.7143,10000,0,7812.944
unknown,ZCM,221,6/19/2024,14:17:00,258,0,0,0,0,0,217.8857,10000,0,5583.722
unknown,ZCM,222,6/19/2024,14:18:00,266,0,0,0,0,0,139.2878,10000,0,1994.222
unknown,ZCM,223,6/19/2024,14:19:00,172,0,0,0,0,0,80.11504,10000,0,4903.556
unknown,ZCM,224,6/19/2024,14:20:00,232,0,0,0,0,0,170.4231,10000,0,3295.278
unknown,ZCM,225,6/19/2024,14:21:00,212,0,0,0,0,0,37.47826,10000,0,1690.889
unknown,ZCM,226,6/19/2024,14:22:00,192,0,0,0,0,0,16.16667,10000,0,3353.222
unknown,ZCM,227,6/19/2024,14:23:00,278,0,0,0,0,0,128.748,10000,0,6805.222
unknown,ZCM,228,6/19/2024,14:24:00,268,0,0,0,0,0,112.3214,10000,0,9802.167
unknown,ZCM,229,6/19/2024,14:25:00,214,0,0,0,0,0,115.9821,10000,0,3180.056
unknown,ZCM,230,6/19/2024,14:26:00,223,0,0,0,0,0,127.622,10000,0,5196.444
unknown,ZCM,231,6/19/2024,14:27:00,263,0,0,0,0,0,126.4961,10000,0,7255.444
unknown,ZCM,232,6/19/2024,14:28:00,236,0,0,0,0,0,190.6498,10000,0,4908.222
unknown,ZCM,233,6/19/2024,14:29:00,224,0,0,0,0,0,151.8065,10000,0,5151.333
unknown,ZCM,234,6/19/2024,14:30:00,262,0,0,0,0,0,214.8921,10000,0,4264.5
unknown,ZCM,235,6/19/2024,14:31:00,274,0,0,0,0,0,204.8341,10000,0,4704.778
unknown,ZCM,236,6/19/2024,14:32:00,255,0,0,0,0,0,121.8189,10000,0,5125.833
unknown,ZCM,237,6/19/2024,14:33:00,278,0,0,0,0,0,178.1602,10000,0,9601.389
unknown,ZCM,238,6/19/2024,14:34:00,296,0,0,0,0,0,215.1524,10000,0,8858.444
unknown,ZCM,239,6/19/2024,14:35:00,269,0,0,0,0,0,196.0415,10000,0,8974.667
unknown,ZCM,240,6/19/2024,14:36:00,287,0,0,0,0,0,182.1381,10000,0,11734.5
unknown,ZCM,241,6/19/2024,14:37:00,308,0,0,0,0,0,282.9091,10000,0,7982.889
unknown,ZCM,242,6/19/2024,14:38:00,277,0,0,0,0,0,167.7857,10000,0,11633.28
unknown,ZCM,243,6/19/2024,14:39:00,250,0,0,0,0,0,169.9286,10000,0,5277.222
unknown,ZCM,244,6/19/2024,14:40:00,283,0,0,0,0,0,185.1436,10000,0,9381.056
unknown,ZCM,245,6/19/2024,14:41:00,294,0,0,0,0,0,156.0824,10000,0,7010.944
unknown,ZCM,246,6/19/2024,14:42:00,294,0,0,0,0,0,203.0092,10000,0,8066.667
unknown,ZCM,247,6/19/2024,14:43:00,299,0,0,0,0,0,236.1079,10000,0,10411.06
unknown,ZCM,248,6/19/2024,14:44:00,294,0,0,0,0,0,194.1336,10000,0,7135.389
unknown,ZCM,249,6/19/2024,14:45:00,292,0,0,0,0,0,169.3517,10000,0,7446.333
unknown,ZCM,250,6/19/2024,14:46:00,292,0,0,0,0,0,169.3517,10000,0,7503.111
unknown,ZCM,251,6/19/2024,14:47:00,270,0,0,0,0,0,153.7355,10000,0,5754.056
unknown,ZCM,252,6/19/2024,14:48:00,278,0,0,0,0,0,156.989,10000,0,7253.389
unknown,ZCM,253,6/19/2024,14:49:00,245,0,0,0,0,0,137.3885,10000,0,6381
unknown,ZCM,254,6/19/2024,14:50:00,171,0,0,0,0,0,199.4424,10000,0,3978.5
unknown,ZCM,255,6/19/2024,14:51:00,283,0,0,0,0,0,26.31034,10000,0,15133.5
unknown,ZCM,256,6/19/2024,14:52:00,264,0,0,0,0,0,35.82609,10000,0,10005.22
unknown,ZCM,257,6/19/2024,14:53:00,304,0,0,0,0,0,50.98305,10000,0,8266.833
unknown,ZCM,258,6/19/2024,14:54:00,242,0,0,0,0,0,116.9643,10000,0,5795.389
unknown,ZCM,259,6/19/2024,14:55:00,306,0,0,0,0,0,44.45763,10000,0,5309.389
unknown,ZCM,260,6/19/2024,14:56:00,249,0,0,0,0,0,55.98077,10000,0,6015.444
unknown,ZCM,261,6/19/2024,14:57:00,166,0,0,0,0,0,89.74359,10000,0,3252.111
unknown,ZCM,262,6/19/2024,14:58:00,241,0,0,0,0,0,179.3094,10000,0,5196.556
unknown,ZCM,263,6/19/2024,14:59:00,241,0,0,0,0,0,88.89744,10000,0,8314.389
unknown,ZCM,264,6/19/2024,15:00:00,178,0,0,0,0,0,136.7842,10000,0,4190.611
unknown,ZCM,265,6/19/2024,15:01:00,218,0,0,0,0,0,139.6331,10000,0,2795.889
unknown,ZCM,266,6/19/2024,15:02:00,278,0,0,0,0,0,79.31858,10000,0,4047.611
unknown,ZCM,267,6/19/2024,15:03:00,263,0,0,0,0,0,63.96296,10000,0,6196.222
unknown,ZCM,268,6/19/2024,15:04:00,270,0,0,0,0,0,125.1969,10000,0,5444.944
unknown,ZCM,269,6/19/2024,15:05:00,242,0,0,0,0,0,42.59322,10000,0,4125.278
unknown,ZCM,270,6/19/2024,15:06:00,210,0,0,0,0,0,72.06195,10000,0,4419.056
unknown,ZCM,271,6/19/2024,15:07:00,271,0,0,0,0,0,39.56522,10000,0,6994.667
unknown,ZCM,272,6/19/2024,15:08:00,300,0,0,0,0,0,11.41667,10000,0,3168.111
unknown,ZCM,273,6/19/2024,15:09:00,284,0,0,0,0,0,22.42241,10000,0,13797.61
unknown,ZCM,274,6/19/2024,15:10:00,277,0,0,0,0,0,11.58333,10000,0,752.1111
unknown,ZCM,275,6/19/2024,15:11:00,271,0,0,0,0,0,18.41667,10000,0,648.1111
unknown,ZCM,276,6/19/2024,15:12:00,182,0,0,0,0,0,31.52586,10000,0,375.9445
unknown,ZCM,277,6/19/2024,15:13:00,210,0,0,0,0,0,31.52586,10000,0,385.6111
unknown,ZCM,278,6/19/2024,15:14:00,242,0,0,0,0,0,45.64407,10000,0,507.5
unknown,ZCM,279,6/19/2024,15:15:00,240,0,0,0,0,0,23.84483,10000,0,4909.167
unknown,ZCM,280,6/19/2024,15:16:00,235,0,0,0,0,0,44.79661,10000,0,3879.778
unknown,ZCM,281,6/19/2024,15:17:00,206,0,0,0,0,0,115.8929,10000,0,1824.556
unknown,ZCM,282,6/19/2024,15:18:00,231,0,0,0,0,0,69.98148,10000,0,4976.111
unknown,ZCM,283,6/19/2024,15:19:00,281,0,0,0,0,0,37.21739,10000,0,11325.11
unknown,ZCM,284,6/19/2024,15:20:00,287,0,0,0,0,0,12.75,10000,0,7102.722
unknown,ZCM,285,6/19/2024,15:21:00,314,0,0,0,0,0,7.097561,10000,0,13606.89
unknown,ZCM,286,6/19/2024,15:22:00,257,0,0,0,0,0,17.5,10000,0,4366.278
unknown,ZCM,287,6/19/2024,15:23:00,250,0,0,0,0,0,21,10000,0,6794.278
unknown,ZCM,288,6/19/2024,15:24:00,242,0,0,0,0,0,146.6064,10000,0,13995.5
unknown,ZCM,289,6/19/2024,15:25:00,189,0,0,0,0,0,173.4751,10000,0,3738
unknown,ZCM,290,6/19/2024,15:26:00,292,0,0,0,0,0,153.9871,10000,0,6310.222
unknown,ZCM,291,6/19/2024,15:27:00,256,0,0,0,0,0,170.5055,10000,0,5745.278
unknown,ZCM,292,6/19/2024,15:28:00,290,0,0,0,0,0,104.2857,10000,0,7893.556
unknown,ZCM,293,6/19/2024,15:29:00,234,0,0,0,0,0,70.62963,10000,0,2798.5
unknown,ZCM,294,6/19/2024,15:30:00,269,0,0,0,0,0,175.5083,10000,0,4021.333
unknown,ZCM,295,6/19/2024,15:31:00,232,0,0,0,0,0,202.7604,10000,0,1058.167
unknown,ZCM,296,6/19/2024,15:32:00,208,0,0,0,0,0,229.0794,10000,0,1685.056
unknown,ZCM,297,6/19/2024,15:33:00,184,0,0,0,0,0,32.34783,10000,0,1603.722
unknown,ZCM,298,6/19/2024,15:34:00,55,0,0,0,0,0,17.08333,10000,0,197.7222
unknown,ZCM,299,6/19/2024,15:35:00,169,0,0,0,0,0,54.33654,10000,0,2004.667
unknown,ZCM,300,6/19/2024,15:36:00,278,0,0,0,0,0,149.7935,10000,0,9375.277
unknown,ZCM,301,6/19/2024,15:37:00,273,0,0,0,0,0,222.4413,10000,0,11766.78
unknown,ZCM,302,6/19/2024,15:38:00,294,0,0,0,0,0,218.7968,10000,0,10487.56
unknown,ZCM,303,6/19/2024,15:39:00,269,0,0,0,0,0,200.9355,10000,0,4827.389
unknown,ZCM,304,6/19/2024,15:40:00,289,0,0,0,0,0,210.4667,10000,0,3541.944
unknown,ZCM,305,6/19/2024,15:41:00,216,0,0,0,0,0,160.9451,10000,0,347.3889
unknown,ZCM,306,6/19/2024,15:42:00,247,0,0,0,0,0,199.7742,10000,0,1143
unknown,ZCM,307,6/19/2024,15:43:00,161,0,0,0,0,0,165.478,10000,0,538.1111
unknown,ZCM,308,6/19/2024,15:44:00,73,0,0,0,0,0,158.8022,10000,0,61.83333
unknown,ZCM,309,6/19/2024,15:45:00,178,0,0,0,0,0,157.0714,10000,0,177.4444
unknown,ZCM,310,6/19/2024,15:46:00,96,0,0,0,0,0,154.9097,10000,0,95.94444
unknown,ZCM,311,6/19/2024,15:47:00,148,0,0,0,0,0,159.6264,10000,0,132.7222
unknown,ZCM,312,6/19/2024,15:48:00,145,0,0,0,0,0,152.4774,10000,0,103.0556
unknown,ZCM,313,6/19/2024,15:49:00,169,0,0,0,0,0,125.1102,10000,0,124.0556
unknown,ZCM,314,6/19/2024,15:50:00,214,0,0,0,0,0,168.2802,10000,0,1518.667
unknown,ZCM,315,6/19/2024,15:51:00,267,0,0,0,0,0,119.7321,10000,0,2384.611
unknown,ZCM,316,6/19/2024,15:52:00,184,0,0,0,0,0,194.2995,10000,0,548.3333
unknown,ZCM,317,6/19/2024,15:53:00,62,0,0,0,0,0,219.0571,10000,0,24.11111
unknown,ZCM,318,6/19/2024,15:54:00,185,0,0,0,0,0,266.3377,10000,0,127.7222
unknown,ZCM,319,6/19/2024,15:55:00,157,0,0,0,0,0,245.4794,10000,0,243
unknown,ZCM,320,6/19/2024,15:56:00,199,0,0,0,0,0,246.7533,10000,0,702.0555
unknown,ZCM,321,6/19/2024,15:57:00,192,0,0,0,0,0,252.7792,10000,0,565.8889
unknown,ZCM,322,6/19/2024,15:58:00,207,0,0,0,0,0,261.8182,10000,0,2157.167
unknown,ZCM,323,6/19/2024,15:59:00,233,0,0,0,0,0,296.4675,10000,0,2661.333
unknown,ZCM,324,6/19/2024,16:00:00,174,0,0,0,0,0,288.1818,10000,0,169.2778
unknown,ZCM,325,6/19/2024,16:01:00,265,0,0,0,0,0,154.6581,10000,0,3296.389
unknown,ZCM,326,6/19/2024,16:02:00,196,0,0,0,0,0,109.5918,10000,0,2703.333
unknown,ZCM,327,6/19/2024,16:03:00,229,0,0,0,0,0,228.2984,10000,0,3490.444
unknown,ZCM,328,6/19/2024,16:04:00,224,0,0,0,0,0,287.4286,10000,0,644.5
unknown,ZCM,329,6/19/2024,16:05:00,162,0,0,0,0,0,280.2727,10000,0,363.1667
unknown,ZCM,330,6/19/2024,16:06:00,228,0,0,0,0,0,194.7143,10000,0,1964.056
unknown,ZCM,331,6/19/2024,16:07:00,235,0,0,0,0,0,129.7874,10000,0,2637.167
unknown,ZCM,332,6/19/2024,16:08:00,310,0,0,0,0,0,207.473,10000,0,8651.556
unknown,ZCM,333,6/19/2024,16:09:00,283,0,0,0,0,0,66.83334,10000,0,13622.28
unknown,ZCM,334,6/19/2024,16:10:00,309,0,0,0,0,0,574.5883,10000,0,18363.5
unknown,ZCM,335,6/19/2024,16:11:00,315,0,0,0,0,0,954.1464,10000,0,18469.5
unknown,ZCM,336,6/19/2024,16:12:00,298,0,0,0,0,0,886.875,10000,0,9247.667
unknown,ZCM,337,6/19/2024,16:13:00,305,0,0,0,0,0,862.5455,10000,0,13812
unknown,ZCM,338,6/19/2024,16:14:00,291,0,0,0,0,0,123.1181,10000,0,14221.61
unknown,ZCM,339,6/19/2024,16:15:00,298,0,0,0,0,0,110.1786,10000,0,13235.72
unknown,ZCM,340,6/19/2024,16:16:00,309,0,0,0,0,0,110.5357,10000,0,10069.61
unknown,ZCM,341,6/19/2024,16:17:00,279,0,0,0,0,0,73.56637,10000,0,10178
unknown,ZCM,342,6/19/2024,16:18:00,288,0,0,0,0,0,61.27778,10000,0,11899
unknown,ZCM,343,6/19/2024,16:19:00,316,0,0,0,0,0,95.08434,10000,0,5496.333
unknown,ZCM,344,6/19/2024,16:20:00,291,0,0,0,0,0,954.1464,10000,0,12824.83
unknown,ZCM,345,6/19/2024,16:21:00,278,0,0,0,0,0,913.375,10000,0,10847.72
unknown,ZCM,346,6/19/2024,16:22:00,300,0,0,0,0,0,900.125,10000,0,11940.33
unknown,ZCM,347,6/19/2024,16:23:00,263,0,0,0,0,0,835.8182,10000,0,4223.944
unknown,ZCM,348,6/19/2024,16:24:00,305,0,0,0,0,0,775.4,10000,0,4364.444
unknown,ZCM,349,6/19/2024,16:25:00,311,0,0,0,0,0,698.7143,10000,0,6202.889
unknown,ZCM,350,6/19/2024,16:26:00,301,0,0,0,0,0,555.6207,10000,0,6595.889
unknown,ZCM,351,6/19/2024,16:27:00,284,0,0,0,0,0,893.5,10000,0,3386.444
unknown,ZCM,352,6/19/2024,16:28:00,303,0,0,0,0,0,294.2078,10000,0,3685.167
unknown,ZCM,353,6/19/2024,16:29:00,330,0,0,0,0,0,873.625,10000,0,1962.389
unknown,ZCM,354,6/19/2024,16:30:00,323,0,0,0,0,0,560.1724,10000,0,5562.722
unknown,ZCM,355,6/19/2024,16:31:00,306,0,0,0,0,0,831.3636,10000,0,3246.944
unknown,ZCM,356,6/19/2024,16:32:00,270,0,0,0,0,0,954.1464,10000,0,2090.778
unknown,ZCM,357,6/19/2024,16:33:00,340,0,0,0,0,0,886.875,10000,0,3727.056
unknown,ZCM,358,6/19/2024,16:34:00,320,0,0,0,0,0,720,10000,0,4298.333
unknown,ZCM,359,6/19/2024,16:35:00,295,0,0,0,0,0,656,10000,0,9186.223
unknown,ZCM,360,6/19/2024,16:36:00,292,0,0,0,0,0,947.3171,10000,0,12781.78
unknown,ZCM,361,6/19/2024,16:37:00,293,0,0,0,0,0,954.1464,10000,0,11890.17
unknown,ZCM,362,6/19/2024,16:38:00,349,0,0,0,0,0,152.8968,10000,0,4213.389
unknown,ZCM,363,6/19/2024,16:39:00,284,0,0,0,0,0,231.2921,10000,0,11529.28
unknown,ZCM,364,6/19/2024,16:40:00,299,0,0,0,0,0,310.7742,10000,0,9307.389
unknown,ZCM,365,6/19/2024,16:41:00,307,0,0,0,0,0,252.026,10000,0,12016.06
unknown,ZCM,366,6/19/2024,16:42:00,290,0,0,0,0,0,202.4286,10000,0,12068.83
unknown,ZCM,367,6/19/2024,16:43:00,303,0,0,0,0,0,202.9263,10000,0,18884.83
unknown,ZCM,368,6/19/2024,16:44:00,299,0,0,0,0,0,198.2811,10000,0,11737.78
unknown,ZCM,369,6/19/2024,16:45:00,284,0,0,0,0,0,199.7742,10000,0,14852.11
unknown,ZCM,370,6/19/2024,16:46:00,295,0,0,0,0,0,249.3896,10000,0,23245.17
unknown,ZCM,371,6/19/2024,16:47:00,290,0,0,0,0,0,138.4245,10000,0,7626.389
unknown,ZCM,372,6/19/2024,16:48:00,323,0,0,0,0,0,150.9677,10000,0,18751.55
unknown,ZCM,373,6/19/2024,16:49:00,296,0,0,0,0,0,201.765,10000,0,12113.44
unknown,ZCM,374,6/19/2024,16:50:00,292,0,0,0,0,0,213.2,10000,0,8787.833
unknown,ZCM,375,6/19/2024,16:51:00,294,0,0,0,0,0,153.9032,10000,0,14595.78
unknown,ZCM,376,6/19/2024,16:52:00,305,0,0,0,0,0,236.4984,10000,0,11910.89
unknown,ZCM,377,6/19/2024,16:53:00,305,0,0,0,0,0,174.8011,10000,0,15909.5
unknown,ZCM,378,6/19/2024,16:54:00,314,0,0,0,0,0,347.9592,10000,0,17171.61
unknown,ZCM,379,6/19/2024,16:55:00,317,0,0,0,0,0,174.5359,10000,0,15168
unknown,ZCM,380,6/19/2024,16:56:00,300,0,0,0,0,0,88.52137,10000,0,13477.83
unknown,ZCM,381,6/19/2024,16:57:00,312,0,0,0,0,0,121.5591,10000,0,14547.33
unknown,ZCM,382,6/19/2024,16:58:00,321,0,0,0,0,0,128.6614,10000,0,16694.83
unknown,ZCM,383,6/19/2024,16:59:00,308,0,0,0,0,0,194.3825,10000,0,15080.89
unknown,ZCM,384,6/19/2024,17:00:00,314,0,0,0,0,0,151.2194,10000,0,16790.17
unknown,ZCM,385,6/19/2024,17:01:00,307,0,0,0,0,0,149.7097,10000,0,10060.72
unknown,ZCM,386,6/19/2024,17:02:00,333,0,0,0,0,0,124.8504,10000,0,15421.11
unknown,ZCM,387,6/19/2024,17:03:00,286,0,0,0,0,0,122.252,10000,0,12508.94
unknown,ZCM,388,6/19/2024,17:04:00,314,0,0,0,0,0,81.47009,10000,0,11312.83
unknown,ZCM,389,6/19/2024,17:05:00,316,0,0,0,0,0,126.7559,10000,0,11928.33
unknown,ZCM,390,6/19/2024,17:06:00,302,0,0,0,0,0,97.39759,10000,0,7166.833
unknown,ZCM,391,6/19/2024,17:07:00,303,0,0,0,0,0,167.9505,10000,0,14052.78
unknown,ZCM,392,6/19/2024,17:08:00,311,0,0,0,0,0,296.8441,10000,0,21000.72
unknown,ZCM,393,6/19/2024,17:09:00,322,0,0,0,0,0,207.2127,10000,0,19153.05
unknown,ZCM,394,6/19/2024,17:10:00,318,0,0,0,0,0,149.7097,10000,0,24007.78
unknown,ZCM,395,6/19/2024,17:11:00,320,0,0,0,0,0,165.478,10000,0,15160.61
unknown,ZCM,396,6/19/2024,17:12:00,305,0,0,0,0,0,149.1226,10000,0,19237.67
unknown,ZCM,397,6/19/2024,17:13:00,326,0,0,0,0,0,107.9592,10000,0,16208.94
unknown,ZCM,398,6/19/2024,17:14:00,306,0,0,0,0,0,200.9355,10000,0,19424.89
unknown,ZCM,399,6/19/2024,17:15:00,302,0,0,0,0,0,232.3333,10000,0,23112.22
unknown,ZCM,400,6/19/2024,17:16:00,318,0,0,0,0,0,107.3469,10000,0,17438.83
unknown,ZCM,401,6/19/2024,17:17:00,302,0,0,0,0,0,72.15044,10000,0,14358.17
unknown,ZCM,402,6/19/2024,17:18:00,306,0,0,0,0,0,119.8214,10000,0,10599.5
unknown,ZCM,403,6/19/2024,17:19:00,315,0,0,0,0,0,302.8701,10000,0,5400.444
unknown,ZCM,404,6/19/2024,17:20:00,324,0,0,0,0,0,180.3702,10000,0,4043.167
unknown,ZCM,405,6/19/2024,17:21:00,321,0,0,0,0,0,98.74699,10000,0,15351.83
unknown,ZCM,406,6/19/2024,17:22:00,311,0,0,0,0,0,125.4567,10000,0,16691.11
unknown,ZCM,407,6/19/2024,17:23:00,309,0,0,0,0,0,37.91304,10000,0,13663.44
unknown,ZCM,408,6/19/2024,17:24:00,299,0,0,0,0,0,21.18966,10000,0,13571
unknown,ZCM,409,6/19/2024,17:25:00,295,0,0,0,0,0,67.85185,10000,0,15769.72
unknown,ZCM,410,6/19/2024,17:26:00,222,0,0,0,0,0,58.75,10000,0,596.1111
unknown,ZCM,411,6/19/2024,17:27:00,157,0,0,0,0,0,58.23077,10000,0,120.0556
unknown,ZCM,412,6/19/2024,17:28:00,169,0,0,0,0,0,58.23077,10000,0,50.22222
unknown,ZCM,413,6/19/2024,17:29:00,172,0,0,0,0,0,58.40385,10000,0,766.8889
unknown,ZCM,414,6/19/2024,17:30:00,282,0,0,0,0,0,58.66346,10000,0,2478.722
unknown,ZCM,415,6/19/2024,17:31:00,291,0,0,0,0,0,58.31731,10000,0,2126.889
unknown,ZCM,416,6/19/2024,17:32:00,175,0,0,0,0,0,60.74038,10000,0,1549.722
unknown,ZCM,417,6/19/2024,17:33:00,222,0,0,0,0,0,60.91346,10000,0,2158.056
unknown,ZCM,418,6/19/2024,17:34:00,240,0,0,0,0,0,52.34615,10000,0,1660.111
unknown,ZCM,419,6/19/2024,17:35:00,280,0,0,0,0,0,46.66102,10000,0,1396.333
unknown,ZCM,420,6/19/2024,17:36:00,268,0,0,0,0,0,55.11538,10000,0,1249.889
unknown,ZCM,421,6/19/2024,17:37:00,275,0,0,0,0,0,124.3307,10000,0,12399
unknown,ZCM,422,6/19/2024,17:38:00,283,0,0,0,0,0,162.1813,10000,0,12406.39
unknown,ZCM,423,6/19/2024,17:39:00,278,0,0,0,0,0,135.8345,10000,0,9303.444
unknown,ZCM,424,6/19/2024,17:40:00,282,0,0,0,0,0,146.1871,10000,0,9041
unknown,ZCM,425,6/19/2024,17:41:00,287,0,0,0,0,0,73.47787,10000,0,7583.778
unknown,ZCM,426,6/19/2024,17:42:00,294,0,0,0,0,0,85.51282,10000,0,6772.722
unknown,ZCM,427,6/19/2024,17:43:00,287,0,0,0,0,0,161.1099,10000,0,5042.889
unknown,ZCM,428,6/19/2024,17:44:00,283,0,0,0,0,0,134.3669,10000,0,2856.944
unknown,ZCM,429,6/19/2024,17:45:00,284,0,0,0,0,0,47.33898,10000,0,8502.556
unknown,ZCM,430,6/19/2024,17:46:00,300,0,0,0,0,0,239.1016,10000,0,10317.39
unknown,ZCM,431,6/19/2024,17:47:00,265,0,0,0,0,0,128.8346,10000,0,13860.39
unknown,ZCM,432,6/19/2024,17:48:00,287,0,0,0,0,0,145.7677,10000,0,13367.56
unknown,ZCM,433,6/19/2024,17:49:00,255,0,0,0,0,0,120.2598,10000,0,5711.667
unknown,ZCM,434,6/19/2024,17:50:00,277,0,0,0,0,0,171.1768,10000,0,7612.333
unknown,ZCM,435,6/19/2024,17:51:00,260,0,0,0,0,0,209.0349,10000,0,3162.778
unknown,ZCM,436,6/19/2024,17:52:00,283,0,0,0,0,0,139.8921,10000,0,9112
unknown,ZCM,437,6/19/2024,17:53:00,288,0,0,0,0,0,164.2418,10000,0,5001.111
unknown,ZCM,438,6/19/2024,17:54:00,294,0,0,0,0,0,102.6531,10000,0,5586.833
unknown,ZCM,439,6/19/2024,17:55:00,286,0,0,0,0,0,62.2037,10000,0,6821.722
unknown,ZCM,440,6/19/2024,17:56:00,273,0,0,0,0,0,106.8367,10000,0,8805.389
unknown,ZCM,441,6/19/2024,17:57:00,305,0,0,0,0,0,111.4286,10000,0,6421.222
unknown,ZCM,442,6/19/2024,17:58:00,270,0,0,0,0,0,91.34188,10000,0,7307.167
unknown,ZCM,443,6/19/2024,17:59:00,300,0,0,0,0,0,195.5438,10000,0,10996.89
unknown,ZCM,444,6/19/2024,18:00:00,270,0,0,0,0,0,3.682927,10000,0,3510.944
unknown,ZCM,445,6/19/2024,18:01:00,286,0,0,0,0,0,8.756098,10000,0,4891.833
unknown,ZCM,446,6/19/2024,18:02:00,286,0,0,0,0,0,38,10000,0,6013.611
unknown,ZCM,447,6/19/2024,18:03:00,309,0,0,0,0,0,117.4107,10000,0,11536.61
unknown,ZCM,448,6/19/2024,18:04:00,300,0,0,0,0,0,73.38938,10000,0,20064.39
unknown,ZCM,449,6/19/2024,18:05:00,294,0,0,0,0,0,149.7097,10000,0,6328.611
unknown,ZCM,450,6/19/2024,18:06:00,317,0,0,0,0,0,126.4961,10000,0,14209.67
unknown,ZCM,451,6/19/2024,18:07:00,326,0,0,0,0,0,91.24786,10000,0,13455.33
unknown,ZCM,452,6/19/2024,18:08:00,305,0,0,0,0,0,58.23077,10000,0,15932.5
unknown,ZCM,453,6/19/2024,18:09:00,313,0,0,0,0,0,83.63248,10000,0,14333
unknown,ZCM,454,6/19/2024,18:10:00,309,0,0,0,0,0,52.43269,10000,0,15501.33
unknown,ZCM,455,6/19/2024,18:11:00,298,0,0,0,0,0,91.05983,10000,0,14110.67
unknown,ZCM,456,6/19/2024,18:12:00,307,0,0,0,0,0,95.85542,10000,0,8832.723
unknown,ZCM,457,6/19/2024,18:13:00,297,0,0,0,0,0,107.1429,10000,0,7612.667
unknown,ZCM,458,6/19/2024,18:14:00,321,0,0,0,0,0,68.59259,10000,0,12306.22
unknown,ZCM,459,6/19/2024,18:15:00,314,0,0,0,0,0,126.063,10000,0,20624.33
unknown,ZCM,460,6/19/2024,18:16:00,262,0,0,0,0,0,87.5812,10000,0,4096.278
unknown,ZCM,461,6/19/2024,18:17:00,245,0,0,0,0,0,50.38983,10000,0,2190.667
unknown,ZCM,462,6/19/2024,18:18:00,296,0,0,0,0,0,55.98077,10000,0,8109.389
unknown,ZCM,463,6/19/2024,18:19:00,290,0,0,0,0,0,1.181818,10000,0,14744.67
unknown,ZCM,464,6/19/2024,18:20:00,294,0,0,0,0,0,129.2677,10000,0,13174.67
unknown,ZCM,465,6/19/2024,18:21:00,287,0,0,0,0,0,162.5934,10000,0,15021.67
unknown,ZCM,466,6/19/2024,18:22:00,75,0,0,0,0,0,64.05556,10000,0,223.9444
unknown,ZCM,467,6/19/2024,18:23:00,48,0,0,0,0,0,63.12963,10000,0,41.44444
unknown,ZCM,468,6/19/2024,18:24:00,0,0,0,0,0,0,61.46296,10000,0,0
unknown,ZCM,469,6/19/2024,18:25:00,15,0,0,0,0,0,49.62712,10000,0,3.888889
unknown,ZCM,470,6/19/2024,18:26:00,12,0,0,0,0,0,140.3237,10000,0,3
unknown,ZCM,471,6/19/2024,18:27:00,16,1,0,0,0,0,258.4286,10000,0,4.5
unknown,ZCM,472,6/19/2024,18:28:00,10,1,0,0,0,0,215.2825,10000,0,30.38889
unknown,ZCM,473,6/19/2024,18:29:00,0,1,0,0,0,0,243.2667,10000,0,0
unknown,ZCM,474,6/19/2024,18:30:00,12,1,0,0,0,0,243.6572,10000,0,2.555556
unknown,ZCM,475,6/19/2024,18:31:00,14,1,0,0,0,0,243.7873,10000,0,4.111111
unknown,ZCM,476,6/19/2024,18:32:00,20,1,0,0,0,0,238.4508,10000,0,3.722222
unknown,ZCM,477,6/19/2024,18:33:00,17,1,0,0,0,0,237.9302,10000,0,3.277778
unknown,ZCM,478,6/19/2024,18:34:00,43,1,0,0,0,0,237.5397,10000,0,19.55556
unknown,ZCM,479,6/19/2024,18:35:00,10,1,0,0,0,0,100.5102,0,0,5.555555
unknown,ZCM,480,6/19/2024,18:36:00,0,1,0,0,0,0,35.04348,0,0,0
unknown,ZCM,481,6/19/2024,18:37:00,0,1,0,0,0,0,34.6087,0,0,0
unknown,ZCM,482,6/19/2024,18:38:00,0,1,0,0,0,0,34.08696,0,0,0
unknown,ZCM,483,6/19/2024,18:39:00,0,1,0,0,0,0,33.56522,0,0,0
unknown,ZCM,484,6/19/2024,18:40:00,0,1,0,0,0,0,33.04348,0,0,0
unknown,ZCM,485,6/19/2024,18:41:00,0,1,0,0,0,0,32.69565,0,0,0
unknown,ZCM,486,6/19/2024,18:42:00,0,1,0,0,0,0,32.17391,0,0,0
unknown,ZCM,487,6/19/2024,18:43:00,0,1,0,0,0,0,31.62069,0,0,0
unknown,ZCM,488,6/19/2024,18:44:00,0,1,0,0,0,0,31.14655,0,0,0
unknown,ZCM,489,6/19/2024,18:45:00,0,1,0,0,0,0,30.76724,0,0,0
unknown,ZCM,490,6/19/2024,18:46:00,0,1,0,0,0,0,30.2931,0,0,0
unknown,ZCM,491,6/19/2024,18:47:00,0,1,0,0,0,0,29.91379,0,0,0
unknown,ZCM,492,6/19/2024,18:48:00,0,1,0,0,0,0,29.43966,0,0,0
unknown,ZCM,493,6/19/2024,18:49:00,0,1,0,0,0,0,28.96552,0,0,0
unknown,ZCM,494,6/19/2024,18:50:00,0,1,0,0,0,0,28.39655,0,0,0
unknown,ZCM,495,6/19/2024,18:51:00,0,1,0,0,0,0,27.92241,0,0,0
unknown,ZCM,496,6/19/2024,18:52:00,0,1,0,0,0,0,27.35345,0,0,0
unknown,ZCM,497,6/19/2024,18:53:00,0,1,0,0,0,0,26.78448,0,0,0
unknown,ZCM,498,6/19/2024,18:54:00,0,1,0,0,0,0,26.21552,0,0,0
unknown,ZCM,499,6/19/2024,18:55:00,0,1,0,0,0,0,25.64655,0,0,0
unknown,ZCM,500,6/19/2024,18:56:00,0,1,0,0,0,0,25.07759,0,0,0
unknown,ZCM,501,6/19/2024,18:57:00,0,1,0,0,0,0,24.50862,0,0,0
unknown,ZCM,502,6/19/2024,18:58:00,0,1,0,0,0,0,23.93966,0,0,0
unknown,ZCM,503,6/19/2024,18:59:00,0,1,0,0,0,0,23.37069,0,0,0
unknown,ZCM,504,6/19/2024,19:00:00,0,1,0,0,0,0,22.7069,0,0,0
unknown,ZCM,505,6/19/2024,19:01:00,0,1,0,0,0,0,22.23276,0,0,0
unknown,ZCM,506,6/19/2024,19:02:00,0,1,0,0,0,0,21.75862,0,0,0
unknown,ZCM,507,6/19/2024,19:03:00,0,1,0,0,0,0,21.18966,0,0,0
unknown,ZCM,508,6/19/2024,19:04:00,0,1,0,0,0,0,20.83333,0,0,0
unknown,ZCM,509,6/19/2024,19:05:00,0,1,0,0,0,0,20.41667,0,0,0
unknown,ZCM,510,6/19/2024,19:06:00,0,1,0,0,0,0,20.08333,0,0,0
unknown,ZCM,511,6/19/2024,19:07:00,0,1,0,0,0,0,19.75,0,0,0
unknown,ZCM,512,6/19/2024,19:08:00,0,1,0,0,0,0,19.41667,0,0,0
unknown,ZCM,513,6/19/2024,19:09:00,0,1,0,0,0,0,19.08333,0,0,0
unknown,ZCM,514,6/19/2024,19:10:00,0,1,0,0,0,0,18.83333,0,0,0
unknown,ZCM,515,6/19/2024,19:11:00,0,1,0,0,0,0,18.58333,0,0,0
unknown,ZCM,516,6/19/2024,19:12:00,0,1,0,0,0,0,18.25,0,0,0
unknown,ZCM,517,6/19/2024,19:13:00,0,1,0,0,0,0,17.91667,0,0,0
unknown,ZCM,518,6/19/2024,19:14:00,0,1,0,0,0,0,17.58333,0,0,0
unknown,ZCM,519,6/19/2024,19:15:00,0,1,0,0,0,0,17.25,0,0,0
unknown,ZCM,520,6/19/2024,19:16:00,0,1,0,0,0,0,16.91667,0,0,0
unknown,ZCM,521,6/19/2024,19:17:00,0,1,0,0,0,0,16.5,0,0,0
unknown,ZCM,522,6/19/2024,19:18:00,0,1,0,0,0,0,16.16667,0,0,0
unknown,ZCM,523,6/19/2024,19:19:00,0,1,0,0,0,0,15.91667,0,0,0
unknown,ZCM,524,6/19/2024,19:20:00,0,1,0,0,0,0,15.58333,0,0,0
unknown,ZCM,525,6/19/2024,19:21:00,0,1,0,0,0,0,15.33333,0,0,0
unknown,ZCM,526,6/19/2024,19:22:00,0,1,0,0,0,0,15,0,0,0
unknown,ZCM,527,6/19/2024,19:23:00,0,1,0,0,0,0,14.58333,0,0,0
unknown,ZCM,528,6/19/2024,19:24:00,0,1,0,0,0,0,14.33333,0,0,0
unknown,ZCM,529,6/19/2024,19:25:00,0,1,0,0,0,0,13.91667,0,0,0
unknown,ZCM,530,6/19/2024,19:26:00,0,1,0,0,0,0,13.66667,0,0,0
unknown,ZCM,531,6/19/2024,19:27:00,0,1,0,0,0,0,13.33333,0,0,0
unknown,ZCM,532,6/19/2024,19:28:00,0,1,0,0,0,0,13,0,0,0
unknown,ZCM,533,6/19/2024,19:29:00,0,1,0,0,0,0,12.58333,0,0,0
unknown,ZCM,534,6/19/2024,19:30:00,0,1,0,0,0,0,12.25,0,0,0
unknown,ZCM,535,6/19/2024,19:31:00,0,1,0,0,0,0,11.91667,0,0,0
unknown,ZCM,536,6/19/2024,19:32:00,0,1,0,0,0,0,11.5,0,0,0
unknown,ZCM,537,6/19/2024,19:33:00,0,1,0,0,0,0,11.25,0,0,0
unknown,ZCM,538,6/19/2024,19:34:00,0,1,0,0,0,0,10.90244,0,0,0
unknown,ZCM,539,6/19/2024,19:35:00,0,1,0,0,0,0,10.5122,0,0,0
unknown,ZCM,540,6/19/2024,19:36:00,0,1,0,0,0,0,10.12195,0,0,0
unknown,ZCM,541,6/19/2024,19:37:00,0,1,0,0,0,0,9.829268,0,0,0
unknown,ZCM,542,6/19/2024,19:38:00,0,1,0,0,0,0,9.439024,0,0,0
unknown,ZCM,543,6/19/2024,19:39:00,0,1,0,0,0,0,9.04878,0,0,0
unknown,ZCM,544,6/19/2024,19:40:00,0,1,0,0,0,0,8.756098,0,0,0
unknown,ZCM,545,6/19/2024,19:41:00,0,1,0,0,0,0,8.463414,0,0,0
unknown,ZCM,546,6/19/2024,19:42:00,0,1,0,0,0,0,8.073171,0,0,0
unknown,ZCM,547,6/19/2024,19:43:00,0,1,0,0,0,0,7.780488,0,0,0
unknown,ZCM,548,6/19/2024,19:44:00,0,1,0,0,0,0,7.390244,0,0,0
unknown,ZCM,549,6/19/2024,19:45:00,0,1,0,0,0,0,7.097561,0,0,0
unknown,ZCM,550,6/19/2024,19:46:00,0,1,0,0,0,0,6.707317,0,0,0
unknown,ZCM,551,6/19/2024,19:47:00,0,1,0,0,0,0,6.317073,0,0,0
unknown,ZCM,552,6/19/2024,19:48:00,0,1,0,0,0,0,6.02439,0,0,0
unknown,ZCM,553,6/19/2024,19:49:00,0,1,0,0,0,0,5.634146,0,0,0
unknown,ZCM,554,6/19/2024,19:50:00,0,1,0,0,0,0,5.341464,0,0,0
unknown,ZCM,555,6/19/2024,19:51:00,0,1,0,0,0,0,5.04878,0,0,0
unknown,ZCM,556,6/19/2024,19:52:00,0,1,0,0,0,0,4.756098,0,0,0
unknown,ZCM,557,6/19/2024,19:53:00,0,1,0,0,0,0,4.463415,0,0,0
unknown,ZCM,558,6/19/2024,19:54:00,0,1,0,0,0,0,4.170732,0,0,0
unknown,ZCM,559,6/19/2024,19:55:00,0,1,0,0,0,0,3.878049,0,0,0
unknown,ZCM,560,6/19/2024,19:56:00,0,1,0,0,0,0,3.585366,0,0,0
unknown,ZCM,561,6/19/2024,19:57:00,0,1,0,0,0,0,3.390244,0,0,0
unknown,ZCM,562,6/19/2024,19:58:00,0,1,0,0,0,0,3.097561,0,0,0
unknown,ZCM,563,6/19/2024,19:59:00,0,1,0,0,0,0,2.927273,0,0,0
unknown,ZCM,564,6/19/2024,20:00:00,2,1,0,0,0,0,2.818182,0,0,0.7222222
unknown,ZCM,565,6/19/2024,20:01:00,0,1,0,0,0,0,2.709091,0,0,0
unknown,ZCM,566,6/19/2024,20:02:00,0,1,0,0,0,0,2.6,0,0,0
unknown,ZCM,567,6/19/2024,20:03:00,0,1,0,0,0,0,2.527273,0,0,0
unknown,ZCM,568,6/19/2024,20:04:00,0,1,0,0,0,0,2.418182,0,0,0
unknown,ZCM,569,6/19/2024,20:05:00,0,1,0,0,0,0,2.309091,0,0,0
unknown,ZCM,570,6/19/2024,20:06:00,0,1,0,0,0,0,2.236364,0,0,0
unknown,ZCM,571,6/19/2024,20:07:00,0,1,0,0,0,0,2.163636,0,0,0
unknown,ZCM,572,6/19/2024,20:08:00,0,1,0,0,0,0,2.054545,0,0,0
unknown,ZCM,573,6/19/2024,20:09:00,0,1,0,0,0,0,1.981818,0,0,0
unknown,ZCM,574,6/19/2024,20:10:00,0,1,0,0,0,0,1.909091,0,0,0
unknown,ZCM,575,6/19/2024,20:11:00,0,1,0,0,0,0,1.836364,0,0,0
unknown,ZCM,576,6/19/2024,20:12:00,0,1,0,0,0,0,1.727273,0,0,0
unknown,ZCM,577,6/19/2024,20:13:00,0,1,0,0,0,0,1.654545,0,0,0
unknown,ZCM,578,6/19/2024,20:14:00,0,1,0,0,0,0,1.581818,0,0,0
unknown,ZCM,579,6/19/2024,20:15:00,0,1,0,0,0,0,1.545455,0,0,0
unknown,ZCM,580,6/19/2024,20:16:00,0,1,0,0,0,0,1.472727,0,0,0
unknown,ZCM,581,6/19/2024,20:17:00,0,1,0,0,0,0,1.4,0,0,0
unknown,ZCM,582,6/19/2024,20:18:00,0,1,0,0,0,0,1.363636,0,0,0
unknown,ZCM,583,6/19/2024,20:19:00,0,1,0,0,0,0,1.290909,0,0,0
unknown,ZCM,584,6/19/2024,20:20:00,0,1,0,0,0,0,1.254545,0,0,0
unknown,ZCM,585,6/19/2024,20:21:00,0,1,0,0,0,0,1.181818,0,0,0
unknown,ZCM,586,6/19/2024,20:22:00,0,1,0,0,0,0,1.181818,0,0,0
unknown,ZCM,587,6/19/2024,20:23:00,0,1,0,0,0,0,1.145455,0,0,0
unknown,ZCM,588,6/19/2024,20:24:00,0,1,0,0,0,0,1.109091,0,0,0
unknown,ZCM,589,6/19/2024,20:25:00,0,1,0,0,0,0,1.072727,0,0,0
unknown,ZCM,590,6/19/2024,20:26:00,0,1,0,0,0,0,1.072727,0,0,0
unknown,ZCM,591,6/19/2024,20:27:00,0,1,0,0,0,0,1.036364,0,0,0
unknown,ZCM,592,6/19/2024,20:28:00,0,1,0,0,0,0,1.036364,0,0,0
unknown,ZCM,593,6/19/2024,20:29:00,0,1,0,0,0,0,1,0,0,0
unknown,ZCM,594,6/19/2024,20:30:00,0,1,0,0,0,0,0.8571429,0,0,0
unknown,ZCM,595,6/19/2024,20:31:00,0,1,0,0,0,0,0.8571429,0,0,0
unknown,ZCM,596,6/19/2024,20:32:00,0,1,0,0,0,0,0.8571429,0,0,0
unknown,ZCM,597,6/19/2024,20:33:00,0,1,0,0,0,0,0.7142857,0,0,0
unknown,ZCM,598,6/19/2024,20:34:00,0,1,0,0,0,0,0.5714286,0,0,0
unknown,ZCM,599,6/19/2024,20:35:00,0,1,0,0,0,0,0.5714286,0,0,0
unknown,ZCM,600,6/19/2024,20:36:00,0,1,0,0,0,0,0.5714286,0,0,0
unknown,ZCM,601,6/19/2024,20:37:00,0,1,0,0,0,0,0.5714286,0,0,0
unknown,ZCM,602,6/19/2024,20:38:00,0,1,0,0,0,0,0.5714286,0,0,0
unknown,ZCM,603,6/19/2024,20:39:00,0,1,0,0,0,0,0.5714286,0,0,0
unknown,ZCM,604,6/19/2024,20:40:00,0,1,0,0,0,0,0.5714286,0,0,0
unknown,ZCM,605,6/19/2024,20:41:00,0,1,0,0,0,0,0.5714286,0,0,0
unknown,ZCM,606,6/19/2024,20:42:00,0,1,0,0,0,0,0.5714286,0,0,0
unknown,ZCM,607,6/19/2024,20:43:00,0,1,0,0,0,0,0.5714286,0,0,0
unknown,ZCM,608,6/19/2024,20:44:00,0,1,0,0,0,0,0.5714286,0,0,0
unknown,ZCM,609,6/19/2024,20:45:00,0,1,0,0,0,0,0.5714286,0,0,0
unknown,ZCM,610,6/19/2024,20:46:00,0,1,0,0,0,0,0.5714286,0,0,0
unknown,ZCM,611,6/19/2024,20:47:00,0,1,0,0,0,0,0.5714286,0,0,0
unknown,ZCM,612,6/19/2024,20:48:00,0,1,0,0,0,0,0.5714286,0,0,0
unknown,ZCM,613,6/19/2024,20:49:00,0,1,0,0,0,0,0.5714286,0,0,0
unknown,ZCM,614,6/19/2024,20:50:00,0,1,0,0,0,0,1.036364,0,0,0
unknown,ZCM,615,6/19/2024,20:51:00,0,1,0,0,0,0,2.090909,0,0,0
unknown,ZCM,616,6/19/2024,20:52:00,0,1,0,0,0,0,2.127273,0,0,0
unknown,ZCM,617,6/19/2024,20:53:00,0,1,0,0,0,0,2.127273,0,0,0
unknown,ZCM,618,6/19/2024,20:54:00,0,1,0,0,0,0,2.127273,0,0,0
unknown,ZCM,619,6/19/2024,20:55:00,0,1,0,0,0,0,2.054545,0,0,0
unknown,ZCM,620,6/19/2024,20:56:00,0,1,0,0,0,0,2.018182,0,0,0
unknown,ZCM,621,6/19/2024,20:57:00,0,1,0,0,0,0,1.945455,0,0,0
unknown,ZCM,622,6/19/2024,20:58:00,0,1,0,0,0,0,1.909091,0,0,0
unknown,ZCM,623,6/19/2024,20:59:00,0,1,0,0,0,0,1.909091,0,0,0
unknown,ZCM,624,6/19/2024,21:00:00,0,1,0,0,0,0,1.872727,0,0,0
unknown,ZCM,625,6/19/2024,21:01:00,0,1,0,0,0,0,1.872727,0,0,0
unknown,ZCM,626,6/19/2024,21:02:00,0,1,0,0,0,0,1.872727,0,0,0
unknown,ZCM,627,6/19/2024,21:03:00,0,1,0,0,0,0,1.836364,0,0,0
unknown,ZCM,628,6/19/2024,21:04:00,0,1,0,0,0,0,1.836364,0,0,0
unknown,ZCM,629,6/19/2024,21:05:00,0,1,0,0,0,0,1.836364,0,0,0
unknown,ZCM,630,6/19/2024,21:06:00,0,1,0,0,0,0,1.836364,0,0,0
unknown,ZCM,631,6/19/2024,21:07:00,0,1,0,0,0,0,1.836364,0,0,0
unknown,ZCM,632,6/19/2024,21:08:00,0,1,0,0,0,0,1.836364,0,0,0
unknown,ZCM,633,6/19/2024,21:09:00,8,0,0,0,0,0,103.2653,0,0,2.444444
unknown,ZCM,634,6/19/2024,21:10:00,16,0,0,0,0,0,218.7968,10000,0,2.555556
unknown,ZCM,635,6/19/2024,21:11:00,108,0,0,0,0,0,186.558,10000,0,2583
unknown,ZCM,636,6/19/2024,21:12:00,341,0,0,0,0,0,85.13675,10000,0,10154.22
unknown,ZCM,637,6/19/2024,21:13:00,295,0,0,0,0,0,36.6087,10000,0,8607
unknown,ZCM,638,6/19/2024,21:14:00,306,0,0,0,0,0,47.25424,10000,0,11036.56
unknown,ZCM,639,6/19/2024,21:15:00,296,0,0,0,0,0,57.27885,10000,0,10133.61
unknown,ZCM,640,6/19/2024,21:16:00,324,0,0,0,0,0,37.13044,10000,0,11410.33
unknown,ZCM,641,6/19/2024,21:17:00,308,0,0,0,0,0,16.41667,10000,0,16687.5
unknown,ZCM,642,6/19/2024,21:18:00,305,0,0,0,0,0,59.70192,10000,0,14780.11
unknown,ZCM,643,6/19/2024,21:19:00,278,0,0,0,0,0,3.390244,10000,0,8279.556
unknown,ZCM,644,6/19/2024,21:20:00,298,0,0,0,0,0,34.08696,10000,0,15621.17
unknown,ZCM,645,6/19/2024,21:21:00,304,0,0,0,0,0,99.03615,10000,0,11389.67
unknown,ZCM,646,6/19/2024,21:22:00,288,0,0,0,0,0,22.89655,10000,0,8658.389
unknown,ZCM,647,6/19/2024,21:23:00,279,0,0,0,0,0,1.836364,10000,0,9350.389
unknown,ZCM,648,6/19/2024,21:24:00,305,0,0,0,0,0,23.65517,10000,0,11800.17
unknown,ZCM,649,6/19/2024,21:25:00,292,0,0,0,0,0,20.16667,10000,0,8269.944
unknown,ZCM,650,6/19/2024,21:26:00,291,0,0,0,0,0,28.58621,10000,0,12222.5
unknown,ZCM,651,6/19/2024,21:27:00,288,0,0,0,0,0,24.7931,10000,0,10917.78
unknown,ZCM,652,6/19/2024,21:28:00,283,0,0,0,0,0,22.7069,10000,0,7525.5
unknown,ZCM,653,6/19/2024,21:29:00,300,0,0,0,0,0,93.15662,10000,0,7574.778
unknown,ZCM,654,6/19/2024,21:30:00,304,0,0,0,0,0,68.12963,10000,0,10572.5
unknown,ZCM,655,6/19/2024,21:31:00,323,0,0,0,0,0,81.75214,10000,0,15664.89
unknown,ZCM,656,6/19/2024,21:32:00,311,0,0,0,0,0,48.86441,10000,0,14731.06
unknown,ZCM,657,6/19/2024,21:33:00,307,0,0,0,0,0,69.7037,10000,0,8589.277
unknown,ZCM,658,6/19/2024,21:34:00,285,0,0,0,0,0,60.22115,10000,0,11468.72
unknown,ZCM,659,6/19/2024,21:35:00,286,0,0,0,0,0,38.95652,10000,0,2397.667
unknown,ZCM,660,6/19/2024,21:36:00,274,0,0,0,0,0,40.43478,10000,0,779.3889
unknown,ZCM,661,6/19/2024,21:37:00,289,0,0,0,0,0,27.73276,10000,0,6339.222
unknown,ZCM,662,6/19/2024,21:38:00,214,0,0,0,0,0,9.731708,10000,0,1196.556
unknown,ZCM,663,6/19/2024,21:39:00,161,0,0,0,0,0,5.731707,10000,0,736.2778
unknown,ZCM,664,6/19/2024,21:40:00,233,0,0,0,0,0,14.75,10000,0,956.1667
unknown,ZCM,665,6/19/2024,21:41:00,208,0,0,0,0,0,2.781818,10000,0,359.7778
unknown,ZCM,666,6/19/2024,21:42:00,203,0,0,0,0,0,31.43103,10000,0,743.7222
unknown,ZCM,667,6/19/2024,21:43:00,218,0,0,0,0,0,11.16667,10000,0,1250.111
unknown,ZCM,668,6/19/2024,21:44:00,227,0,0,0,0,0,13.08333,10000,0,2925.444
unknown,ZCM,669,6/19/2024,21:45:00,238,0,0,0,0,0,56.41346,10000,0,3097.722
unknown,ZCM,670,6/19/2024,21:46:00,146,0,0,0,0,0,7.97561,10000,0,171.2778
unknown,ZCM,671,6/19/2024,21:47:00,184,0,0,0,0,0,7.97561,10000,0,686.4445
unknown,ZCM,672,6/19/2024,21:48:00,257,0,0,0,0,0,26.21552,10000,0,686.3889
unknown,ZCM,673,6/19/2024,21:49:00,257,0,0,0,0,0,27.44828,10000,0,989.5555
unknown,ZCM,674,6/19/2024,21:50:00,180,0,0,0,0,0,24.12931,10000,0,1041.778
unknown,ZCM,675,6/19/2024,21:51:00,251,0,0,0,0,0,20.58333,10000,0,950.4445
unknown,ZCM,676,6/19/2024,21:52:00,189,0,0,0,0,0,7.390244,10000,0,381.8889
unknown,ZCM,677,6/19/2024,21:53:00,224,0,0,0,0,0,16.25,10000,0,870.1111
unknown,ZCM,678,6/19/2024,21:54:00,289,0,0,0,0,0,25.26724,10000,0,1152.556
unknown,ZCM,679,6/19/2024,21:55:00,179,0,0,0,0,0,15.33333,10000,0,545.0555
unknown,ZCM,680,6/19/2024,21:56:00,199,0,0,0,0,0,7.97561,10000,0,566.6667
unknown,ZCM,681,6/19/2024,21:57:00,108,0,0,0,0,0,0.4285714,10000,0,70.5
unknown,ZCM,682,6/19/2024,21:58:00,21,0,0,0,0,0,0.4285714,10000,0,3.444444
unknown,ZCM,683,6/19/2024,21:59:00,138,0,0,0,0,0,0.4285714,10000,0,72.11111
unknown,ZCM,684,6/19/2024,22:00:00,192,0,0,0,0,0,0.5714286,10000,0,1337.167
unknown,ZCM,685,6/19/2024,22:01:00,222,0,0,0,0,0,1.290909,10000,0,1407.667
unknown,ZCM,686,6/19/2024,22:02:00,249,0,0,0,0,0,1.872727,10000,0,1669.944
unknown,ZCM,687,6/19/2024,22:03:00,251,0,0,0,0,0,6.707317,10000,0,3370.556
unknown,ZCM,688,6/19/2024,22:04:00,211,0,0,0,0,0,10.5122,10000,0,1653.556
unknown,ZCM,689,6/19/2024,22:05:00,173,0,0,0,0,0,9.146341,10000,0,1061.444
unknown,ZCM,690,6/19/2024,22:06:00,17,0,0,0,0,0,3.682927,10000,0,12.05556
unknown,ZCM,691,6/19/2024,22:07:00,57,0,0,0,0,0,3.487805,10000,0,14.38889
unknown,ZCM,692,6/19/2024,22:08:00,36,0,0,0,0,0,3.097561,10000,0,16.16667
unknown,ZCM,693,6/19/2024,22:09:00,105,0,0,0,0,0,3.292683,10000,0,854.3889
unknown,ZCM,694,6/19/2024,22:10:00,0,0,0,0,0,0,3,10000,0,0
unknown,ZCM,695,6/19/2024,22:11:00,75,0,0,0,0,0,3.390244,10000,0,564.6667
unknown,ZCM,696,6/19/2024,22:12:00,73,0,0,0,0,0,1.363636,10000,0,130.2222
unknown,ZCM,697,6/19/2024,22:13:00,150,0,0,0,0,0,2.309091,10000,0,1077.333
unknown,ZCM,698,6/19/2024,22:14:00,158,0,0,0,0,0,1.436364,10000,0,1667.778
unknown,ZCM,699,6/19/2024,22:15:00,100,0,0,0,0,0,1.145455,10000,0,288.5555
unknown,ZCM,700,6/19/2024,22:16:00,317,0,0,0,0,0,17.75,10000,0,14802.22
unknown,ZCM,701,6/19/2024,22:17:00,306,0,0,0,0,0,32.08696,10000,0,13638
unknown,ZCM,702,6/19/2024,22:18:00,293,0,0,0,0,0,67.66666,10000,0,15112.17
unknown,ZCM,703,6/19/2024,22:19:00,297,0,0,0,0,0,18.25,10000,0,12954.89
unknown,ZCM,704,6/19/2024,22:20:00,282,0,0,0,0,0,45.47458,10000,0,9581.333
unknown,ZCM,705,6/19/2024,22:21:00,291,0,0,0,0,0,25.55172,10000,0,15124.78
unknown,ZCM,706,6/19/2024,22:22:00,304,0,0,0,0,0,33.47826,10000,0,18829
unknown,ZCM,707,6/19/2024,22:23:00,276,0,0,0,0,0,44.79661,10000,0,9117.723
unknown,ZCM,708,6/19/2024,22:24:00,265,0,0,0,0,0,0.5714286,10000,0,8345.5
unknown,ZCM,709,6/19/2024,22:25:00,231,0,0,0,0,0,0.7142857,10000,0,4322.889
unknown,ZCM,710,6/19/2024,22:26:00,243,0,0,0,0,0,0.4285714,10000,0,5171.167
unknown,ZCM,711,6/19/2024,22:27:00,180,0,0,0,0,0,0.5714286,10000,0,1571.444
unknown,ZCM,712,6/19/2024,22:28:00,284,0,0,0,0,1,41.04348,10000,0,2556.667
unknown,ZCM,713,6/19/2024,22:29:00,265,0,0,0,0,0,0.5714286,10000,0,2000.944
unknown,ZCM,714,6/19/2024,22:30:00,224,0,0,0,0,0,0.5714286,10000,0,1103.5
unknown,ZCM,715,6/19/2024,22:31:00,69,0,0,0,0,0,0.5714286,10000,0,796.1111
unknown,ZCM,716,6/19/2024,22:32:00,4,0,1,0,0,0,0.5714286,10000,0,1.5
unknown,ZCM,717,6/19/2024,22:33:00,0,0,1,0,0,0,0.5714286,10000,0,0
unknown,ZCM,718,6/19/2024,22:34:00,2,0,1,0,0,0,0.5714286,10000,0,0.3888889
unknown,ZCM,719,6/19/2024,22:35:00,0,0,1,0,0,0,0.5714286,10000,0,0
unknown,ZCM,720,6/19/2024,22:36:00,0,1,1,0,0,0,0.5714286,10000,0,0
unknown,ZCM,721,6/19/2024,22:37:00,63,0,1,0,0,0,0.5714286,10000,0,414.8889
unknown,ZCM,722,6/19/2024,22:38:00,115,0,1,0,0,0,0.5714286,10000,0,813.5
unknown,ZCM,723,6/19/2024,22:39:00,100,0,1,0,0,0,0.5714286,10000,0,1515.722
unknown,ZCM,724,6/19/2024,22:40:00,0,0,1,0,0,0,0.5714286,10000,0,0
unknown,ZCM,725,6/19/2024,22:41:00,2,0,1,0,0,0,0.5714286,10000,0,0.5
unknown,ZCM,726,6/19/2024,22:42:00,157,0,1,0,0,0,0.5714286,10000,0,1209.778
unknown,ZCM,727,6/19/2024,22:43:00,0,1,1,1,0,0,0.5714286,10000,0,0
unknown,ZCM,728,6/19/2024,22:44:00,0,1,1,1,0,0,0.5714286,10000,0,0
unknown,ZCM,729,6/19/2024,22:45:00,6,1,1,1,0,0,0.5714286,10000,0,5.833333
unknown,ZCM,730,6/19/2024,22:46:00,0,1,1,1,0,0,0.5714286,10000,0,0
unknown,ZCM,731,6/19/2024,22:47:00,0,1,1,1,0,0,0.5714286,10000,0,0
unknown,ZCM,732,6/19/2024,22:48:00,20,1,1,1,0,0,0.5714286,10000,0,4.833333
unknown,ZCM,733,6/19/2024,22:49:00,0,1,1,1,0,0,0.5714286,10000,0,0
unknown,ZCM,734,6/19/2024,22:50:00,0,1,1,1,0,0,0.5714286,10000,0,0
unknown,ZCM,735,6/19/2024,22:51:00,142,0,1,1,0,0,0.5714286,10000,0,2929.944
unknown,ZCM,736,6/19/2024,22:52:00,288,0,1,1,0,0,7.780488,10000,0,20099.78
unknown,ZCM,737,6/19/2024,22:53:00,259,0,1,1,0,1,0.5714286,10000,0,10843.72
unknown,ZCM,738,6/19/2024,22:54:00,116,0,1,1,0,0,0.5714286,10000,0,1161.5
unknown,ZCM,739,6/19/2024,22:55:00,81,0,1,1,0,0,0.5714286,10000,0,911.2778
unknown,ZCM,740,6/19/2024,22:56:00,0,0,1,1,0,0,0.5714286,10000,0,0
unknown,ZCM,741,6/19/2024,22:57:00,22,0,1,1,0,0,0.5714286,10000,0,194.8889
unknown,ZCM,742,6/19/2024,22:58:00,17,0,1,1,0,0,0.5714286,10000,0,129.6111
unknown,ZCM,743,6/19/2024,22:59:00,24,0,1,1,0,0,0.5714286,10000,0,36.27778
unknown,ZCM,744,6/19/2024,23:00:00,47,1,1,1,0,0,0.5714286,10000,0,537.9445
unknown,ZCM,745,6/19/2024,23:01:00,139,0,1,1,0,0,0.5714286,10000,0,2344.556
unknown,ZCM,746,6/19/2024,23:02:00,11,1,1,1,0,0,0.5714286,10000,0,6.444445
unknown,ZCM,747,6/19/2024,23:03:00,2,1,1,1,0,0,0.5714286,10000,0,0.4444444
unknown,ZCM,748,6/19/2024,23:04:00,8,1,1,1,0,0,0.5714286,10000,0,2.888889
unknown,ZCM,749,6/19/2024,23:05:00,0,1,1,1,0,0,0.5714286,10000,0,0
unknown,ZCM,750,6/19/2024,23:06:00,0,1,1,1,0,0,0.5714286,10000,0,0
unknown,ZCM,751,6/19/2024,23:07:00,0,1,1,1,0,0,0.5714286,10000,0,0
unknown,ZCM,752,6/19/2024,23:08:00,0,1,1,1,0,0,0.5714286,10000,0,0
unknown,ZCM,753,6/19/2024,23:09:00,97,1,1,1,0,0,0.5714286,10000,0,2234.333
unknown,ZCM,754,6/19/2024,23:10:00,0,1,1,1,0,0,0.5714286,10000,0,0
unknown,ZCM,755,6/19/2024,23:11:00,28,1,1,1,0,0,0.5714286,10000,0,233.9444
unknown,ZCM,756,6/19/2024,23:12:00,2,1,1,1,0,0,0.5714286,10000,0,0.4444444
unknown,ZCM,757,6/19/2024,23:13:00,0,1,1,1,0,0,0.5714286,10000,0,0
unknown,ZCM,758,6/19/2024,23:14:00,0,1,1,1,0,0,0.5714286,10000,0,0
unknown,ZCM,759,6/19/2024,23:15:00,0,1,1,1,0,0,0.5714286,10000,0,0
unknown,ZCM,760,6/19/2024,23:16:00,0,1,1,1,0,0,0.5714286,10000,0,0
unknown,ZCM,761,6/19/2024,23:17:00,0,1,1,1,0,0,0.5714286,10000,0,0
unknown,ZCM,762,6/19/2024,23:18:00,0,1,1,1,0,0,0.5714286,10000,0,0
unknown,ZCM,763,6/19/2024,23:19:00,0,1,1,1,0,0,0.5714286,10000,0,0
unknown,ZCM,764,6/19/2024,23:20:00,0,1,1,1,0,0,0.5714286,10000,0,0
unknown,ZCM,765,6/19/2024,23:21:00,0,1,1,1,0,0,0.5714286,10000,0,0
unknown,ZCM,766,6/19/2024,23:22:00,0,1,1,1,0,0,0.5714286,10000,0,0
unknown,ZCM,767,6/19/2024,23:23:00,0,1,1,1,0,0,0.5714286,10000,0,0
unknown,ZCM,768,6/19/2024,23:24:00,0,1,1,1,0,0,0.5714286,10000,0,0
unknown,ZCM,769,6/19/2024,23:25:00,4,1,1,1,0,0,0.5714286,10000,0,1.611111
unknown,ZCM,770,6/19/2024,23:26:00,0,1,1,1,0,0,0.5714286,10000,0,0
unknown,ZCM,771,6/19/2024,23:27:00,0,1,1,1,0,0,0.5714286,10000,0,0
unknown,ZCM,772,6/19/2024,23:28:00,0,1,1,1,0,0,0.5714286,10000,0,0
unknown,ZCM,773,6/19/2024,23:29:00,0,1,1,1,0,0,0.5714286,10000,0,0
unknown,ZCM,774,6/19/2024,23:30:00,0,1,1,1,0,0,0.5714286,10000,0,0
unknown,ZCM,775,6/19/2024,23:31:00,0,1,1,1,0,0,0.5714286,10000,0,0
unknown,ZCM,776,6/19/2024,23:32:00,0,1,1,1,0,0,0.5714286,10000,0,0
unknown,ZCM,777,6/19/2024,23:33:00,8,1,1,1,0,0,0.5714286,10000,0,21.94444
unknown,ZCM,778,6/19/2024,23:34:00,0,1,1,1,0,0,0.5714286,10000,0,0
unknown,ZCM,779,6/19/2024,23:35:00,0,1,1,1,0,0,0.5714286,10000,0,0
unknown,ZCM,780,6/19/2024,23:36:00,0,1,1,1,0,0,0.5714286,10000,0,0
unknown,ZCM,781,6/19/2024,23:37:00,0,1,1,1,0,0,0.5714286,10000,0,0
unknown,ZCM,782,6/19/2024,23:38:00,0,1,1,1,0,0,0.5714286,10000,0,0
unknown,ZCM,783,6/19/2024,23:39:00,0,1,1,1,0,0,0.5714286,10000,0,0
unknown,ZCM,784,6/19/2024,23:40:00,0,1,1,1,0,0,0.5714286,10000,0,0
unknown,ZCM,785,6/19/2024,23:41:00,0,1,1,1,0,0,0.5714286,10000,0,0
unknown,ZCM,786,6/19/2024,23:42:00,0,1,1,1,0,0,0.5714286,10000,0,0
unknown,ZCM,787,6/19/2024,23:43:00,0,1,1,1,0,0,0.5714286,10000,0,0
unknown,ZCM,788,6/19/2024,23:44:00,0,1,1,1,0,0,0.5714286,10000,0,0
unknown,ZCM,789,6/19/2024,23:45:00,0,1,1,1,0,0,0.5714286,10000,0,0
unknown,ZCM,790,6/19/2024,23:46:00,0,1,1,1,0,0,0.5714286,10000,0,0
unknown,ZCM,791,6/19/2024,23:47:00,0,1,1,1,0,0,0.5714286,10000,0,0
unknown,ZCM,792,6/19/2024,23:48:00,0,1,1,1,0,0,0.5714286,10000,0,0
unknown,ZCM,793,6/19/2024,23:49:00,0,1,1,1,0,0,0.5714286,10000,0,0
unknown,ZCM,794,6/19/2024,23:50:00,0,1,1,1,0,0,0.5714286,10000,0,0
unknown,ZCM,795,6/19/2024,23:51:00,0,1,1,1,0,0,0.5714286,10000,0,0
unknown,ZCM,796,6/19/2024,23:52:00,4,1,1,1,0,0,0.5714286,10000,0,0.8888889
unknown,ZCM,797,6/19/2024,23:53:00,0,1,1,1,0,0,0.5714286,10000,0,0
unknown,ZCM,798,6/19/2024,23:54:00,166,0,1,1,0,0,0.5714286,10000,0,3701.278
unknown,ZCM,799,6/19/2024,23:55:00,0,1,1,1,0,0,0.5714286,10000,0,0
unknown,ZCM,800,6/19/2024,23:56:00,0,1,1,1,0,0,0.5714286,10000,0,0
unknown,ZCM,801,6/19/2024,23:57:00,0,1,1,1,0,0,0.5714286,10000,0,0
unknown,ZCM,802,6/19/2024,23:58:00,0,1,1,1,0,0,0.5714286,10000,0,0
unknown,ZCM,803,6/19/2024,23:59:00,0,1,1,1,0,0,0.5714286,10000,0,0
unknown,ZCM,804,6/20/2024,00:00:00,0,1,1,1,0,0,0.5714286,10000,0,0
unknown,ZCM,805,6/20/2024,00:01:00,0,1,1,1,0,0,0.5714286,10000,0,0
unknown,ZCM,806,6/20/2024,00:02:00,0,1,1,1,0,0,0.5714286,10000,0,0
unknown,ZCM,807,6/20/2024,00:03:00,0,1,1,1,0,0,0.5714286,10000,0,0
unknown,ZCM,808,6/20/2024,00:04:00,0,1,1,1,0,0,0.5714286,10000,0,0
unknown,ZCM,809,6/20/2024,00:05:00,10,1,1,1,0,0,0.5714286,10000,0,5
unknown,ZCM,810,6/20/2024,00:06:00,37,1,1,1,0,0,0.5714286,10000,0,49.5
unknown,ZCM,811,6/20/2024,00:07:00,0,1,1,1,0,0,0.5714286,10000,0,0
unknown,ZCM,812,6/20/2024,00:08:00,0,1,1,1,0,0,0.5714286,10000,0,0
unknown,ZCM,813,6/20/2024,00:09:00,2,1,1,1,0,0,0.5714286,10000,0,0.4444444
unknown,ZCM,814,6/20/2024,00:10:00,12,1,1,1,0,0,0.5714286,10000,0,4.333333
unknown,ZCM,815,6/20/2024,00:11:00,0,1,1,1,0,0,0.5714286,10000,0,0
unknown,ZCM,816,6/20/2024,00:12:00,0,1,1,1,0,0,0.5714286,10000,0,0
unknown,ZCM,817,6/20/2024,00:13:00,22,1,1,1,0,0,0.5714286,10000,0,42.83333
unknown,ZCM,818,6/20/2024,00:14:00,0,1,1,1,0,0,0.5714286,10000,0,0
unknown,ZCM,819,6/20/2024,00:15:00,0,1,1,1,0,0,0.5714286,10000,0,0
unknown,ZCM,820,6/20/2024,00:16:00,0,1,1,1,0,0,0.5714286,10000,0,0
unknown,ZCM,821,6/20/2024,00:17:00,42,1,1,1,0,0,0.5714286,10000,0,288.2222
unknown,ZCM,822,6/20/2024,00:18:00,137,0,1,1,0,0,0.5714286,10000,0,3881
unknown,ZCM,823,6/20/2024,00:19:00,0,1,1,1,0,0,0.5714286,10000,0,0
unknown,ZCM,824,6/20/2024,00:20:00,8,1,1,1,0,0,0.5714286,10000,0,5.444445
unknown,ZCM,825,6/20/2024,00:21:00,0,1,1,1,0,0,0.5714286,10000,0,0
unknown,ZCM,826,6/20/2024,00:22:00,0,1,1,1,0,0,0.5714286,10000,0,0
unknown,ZCM,827,6/20/2024,00:23:00,0,1,1,1,0,0,0.5714286,10000,0,0
unknown,ZCM,828,6/20/2024,00:24:00,0,1,1,1,0,0,0.5714286,10000,0,0
unknown,ZCM,829,6/20/2024,00:25:00,0,1,1,1,0,0,0.5714286,10000,0,0
unknown,ZCM,830,6/20/2024,00:26:00,0,1,1,1,0,0,0.5714286,10000,0,0
unknown,ZCM,831,6/20/2024,00:27:00,0,1,1,1,0,0,0.5714286,10000,0,0
unknown,ZCM,832,6/20/2024,00:28:00,0,1,1,1,0,0,0.5714286,10000,0,0
unknown,ZCM,833,6/20/2024,00:29:00,0,1,1,1,0,0,0.5714286,10000,0,0
unknown,ZCM,834,6/20/2024,00:30:00,98,0,1,1,0,0,0.5714286,10000,0,613.7222
unknown,ZCM,835,6/20/2024,00:31:00,81,0,1,1,0,0,0.5714286,10000,0,580.7222
unknown,ZCM,836,6/20/2024,00:32:00,21,0,1,1,0,0,0.5714286,10000,0,80.33334
unknown,ZCM,837,6/20/2024,00:33:00,64,0,1,1,0,0,0.5714286,10000,0,282.5
unknown,ZCM,838,6/20/2024,00:34:00,0,1,1,1,0,0,0.5714286,10000,0,0
unknown,ZCM,839,6/20/2024,00:35:00,0,1,1,1,0,0,0.5714286,10000,0,0
unknown,ZCM,840,6/20/2024,00:36:00,0,1,1,1,0,0,0.5714286,10000,0,0
unknown,ZCM,841,6/20/2024,00:37:00,0,1,1,1,0,0,0.5714286,10000,0,0
unknown,ZCM,842,6/20/2024,00:38:00,0,1,1,1,0,0,0.5714286,10000,0,0
unknown,ZCM,843,6/20/2024,00:39:00,0,1,1,1,0,0,0.5714286,10000,0,0
unknown,ZCM,844,6/20/2024,00:40:00,0,1,1,1,0,0,0.5714286,10000,0,0
unknown,ZCM,845,6/20/2024,00:41:00,0,1,1,1,0,0,0.5714286,10000,0,0
unknown,ZCM,846,6/20/2024,00:42:00,0,1,1,1,0,0,0.5714286,10000,0,0
unknown,ZCM,847,6/20/2024,00:43:00,0,1,1,1,0,0,0.5714286,10000,0,0
unknown,ZCM,848,6/20/2024,00:44:00,0,1,1,1,0,0,0.5714286,10000,0,0
unknown,ZCM,849,6/20/2024,00:45:00,0,1,1,1,0,0,0.5714286,10000,0,0
unknown,ZCM,850,6/20/2024,00:46:00,0,1,1,1,0,0,0.5714286,10000,0,0
unknown,ZCM,851,6/20/2024,00:47:00,0,1,1,1,0,0,0.5714286,10000,0,0
unknown,ZCM,852,6/20/2024,00:48:00,0,1,1,1,0,0,0.5714286,10000,0,0
unknown,ZCM,853,6/20/2024,00:49:00,0,1,1,1,0,0,0.5714286,10000,0,0
unknown,ZCM,854,6/20/2024,00:50:00,0,1,1,1,0,0,0.5714286,10000,0,0
unknown,ZCM,855,6/20/2024,00:51:00,39,1,1,1,0,0,0.5714286,10000,0,522.3333
unknown,ZCM,856,6/20/2024,00:52:00,131,0,1,1,0,0,0.5714286,10000,0,2553.111
unknown,ZCM,857,6/20/2024,00:53:00,52,0,1,1,0,0,0.5714286,10000,0,282.3333
unknown,ZCM,858,6/20/2024,00:54:00,116,0,1,1,0,0,0.5714286,10000,0,951.9445
unknown,ZCM,859,6/20/2024,00:55:00,0,0,1,1,0,0,0.5714286,10000,0,0
unknown,ZCM,860,6/20/2024,00:56:00,124,0,1,1,0,0,0.5714286,10000,0,2768.278
unknown,ZCM,861,6/20/2024,00:57:00,158,0,1,1,0,0,0.5714286,10000,0,10916.39
unknown,ZCM,862,6/20/2024,00:58:00,0,1,1,1,0,0,0.5714286,10000,0,0
unknown,ZCM,863,6/20/2024,00:59:00,0,1,1,1,0,0,0.5714286,10000,0,0
unknown,ZCM,864,6/20/2024,01:00:00,0,1,1,1,0,0,0.5714286,10000,0,0
unknown,ZCM,865,6/20/2024,01:01:00,0,1,1,1,0,0,0.5714286,10000,0,0
unknown,ZCM,866,6/20/2024,01:02:00,0,1,1,1,0,0,0.5714286,10000,0,0
unknown,ZCM,867,6/20/2024,01:03:00,0,1,1,1,0,0,0.5714286,10000,0,0
unknown,ZCM,868,6/20/2024,01:04:00,0,1,1,1,0,0,0.5714286,10000,0,0
unknown,ZCM,869,6/20/2024,01:05:00,75,1,1,1,0,0,0.5714286,10000,0,1073.778
unknown,ZCM,870,6/20/2024,01:06:00,0,1,1,1,0,0,0.5714286,10000,0,0
unknown,ZCM,871,6/20/2024,01:07:00,18,1,1,1,0,0,0.5714286,10000,0,27.05556
unknown,ZCM,872,6/20/2024,01:08:00,0,1,1,1,0,0,0.5714286,10000,0,0
unknown,ZCM,873,6/20/2024,01:09:00,0,1,1,1,0,0,0.5714286,10000,0,0
unknown,ZCM,874,6/20/2024,01:10:00,0,1,1,1,0,0,0.5714286,10000,0,0
unknown,ZCM,875,6/20/2024,01:11:00,0,1,1,1,0,0,0.5714286,10000,0,0
unknown,ZCM,876,6/20/2024,01:12:00,0,1,1,1,0,0,0.5714286,10000,0,0
unknown,ZCM,877,6/20/2024,01:13:00,0,1,1,1,0,0,0.5714286,10000,0,0
unknown,ZCM,878,6/20/2024,01:14:00,0,1,1,1,0,0,0.5714286,10000,0,0
unknown,ZCM,879,6/20/2024,01:15:00,0,1,1,1,0,0,0.5714286,10000,0,0
unknown,ZCM,880,6/20/2024,01:16:00,0,1,1,1,0,0,0.5714286,10000,0,0
unknown,ZCM,881,6/20/2024,01:17:00,0,1,1,1,0,0,0.5714286,10000,0,0
unknown,ZCM,882,6/20/2024,01:18:00,0,1,1,1,0,0,0.5714286,10000,0,0
unknown,ZCM,883,6/20/2024,01:19:00,0,1,1,1,0,0,0.5714286,10000,0,0
unknown,ZCM,884,6/20/2024,01:20:00,0,1,1,1,0,0,0.5714286,10000,0,0
unknown,ZCM,885,6/20/2024,01:21:00,0,1,1,1,0,0,0.5714286,10000,0,0
unknown,ZCM,886,6/20/2024,01:22:00,101,0,1,1,0,0,0.5714286,10000,0,2336.389
unknown,ZCM,887,6/20/2024,01:23:00,0,1,1,1,0,0,0.5714286,10000,0,0
unknown,ZCM,888,6/20/2024,01:24:00,87,0,1,1,0,0,0.5714286,10000,0,120.8889
unknown,ZCM,889,6/20/2024,01:25:00,52,0,1,1,0,0,0.5714286,10000,0,65.33334
unknown,ZCM,890,6/20/2024,01:26:00,15,0,1,1,0,0,0.5714286,10000,0,16.38889
unknown,ZCM,891,6/20/2024,01:27:00,0,1,1,1,0,0,0.5714286,10000,0,0
unknown,ZCM,892,6/20/2024,01:28:00,0,1,1,1,0,0,0.5714286,10000,0,0
unknown,ZCM,893,6/20/2024,01:29:00,0,1,1,1,0,0,0.5714286,10000,0,0
unknown,ZCM,894,6/20/2024,01:30:00,0,1,1,1,0,0,0.5714286,10000,0,0
unknown,ZCM,895,6/20/2024,01:31:00,0,1,1,1,0,0,0.5714286,10000,0,0
unknown,ZCM,896,6/20/2024,01:32:00,0,1,1,1,0,0,0.5714286,10000,0,0
unknown,ZCM,897,6/20/2024,01:33:00,26,1,1,1,0,0,0.5714286,10000,0,7.944445
unknown,ZCM,898,6/20/2024,01:34:00,83,1,1,1,0,0,0.5714286,10000,0,1090.5
unknown,ZCM,899,6/20/2024,01:35:00,33,1,1,1,0,0,0.5714286,10000,0,312.7778
unknown,ZCM,900,6/20/2024,01:36:00,0,1,1,1,0,0,0.5714286,10000,0,0
unknown,ZCM,901,6/20/2024,01:37:00,0,1,1,1,0,0,0.5714286,10000,0,0
unknown,ZCM,902,6/20/2024,01:38:00,0,1,1,1,0,0,0.5714286,10000,0,0
unknown,ZCM,903,6/20/2024,01:39:00,0,1,1,1,0,0,0.5714286,10000,0,0
unknown,ZCM,904,6/20/2024,01:40:00,0,1,1,1,0,0,0.5714286,10000,0,0
unknown,ZCM,905,6/20/2024,01:41:00,0,1,1,1,0,0,0.5714286,10000,0,0
unknown,ZCM,906,6/20/2024,01:42:00,0,1,1,1,0,0,0.5714286,10000,0,0
unknown,ZCM,907,6/20/2024,01:43:00,0,1,1,1,0,0,0.5714286,10000,0,0
unknown,ZCM,908,6/20/2024,01:44:00,69,1,1,1,0,0,0.5714286,10000,0,693
unknown,ZCM,909,6/20/2024,01:45:00,8,1,1,1,0,0,0.5714286,10000,0,4.666667
unknown,ZCM,910,6/20/2024,01:46:00,0,1,1,1,0,0,0.5714286,10000,0,0
unknown,ZCM,911,6/20/2024,01:47:00,9,1,1,1,0,0,0.5714286,10000,0,3.166667
unknown,ZCM,912,6/20/2024,01:48:00,0,1,1,1,0,0,0.5714286,10000,0,0
unknown,ZCM,913,6/20/2024,01:49:00,0,1,1,1,0,0,0.5714286,10000,0,0
unknown,ZCM,914,6/20/2024,01:50:00,6,1,1,1,0,0,0.5714286,10000,0,1.055556
unknown,ZCM,915,6/20/2024,01:51:00,0,1,1,1,0,0,0.5714286,10000,0,0
unknown,ZCM,916,6/20/2024,01:52:00,44,1,1,1,0,0,0.5714286,10000,0,447.7222
unknown,ZCM,917,6/20/2024,01:53:00,0,1,1,1,0,0,0.5714286,10000,0,0
unknown,ZCM,918,6/20/2024,01:54:00,0,1,1,1,0,0,0.5714286,10000,0,0
unknown,ZCM,919,6/20/2024,01:55:00,46,1,1,1,0,0,0.5714286,10000,0,48.11111
unknown,ZCM,920,6/20/2024,01:56:00,0,1,1,1,0,0,0.5714286,10000,0,0
unknown,ZCM,921,6/20/2024,01:57:00,0,1,1,1,0,0,0.5714286,10000,0,0
unknown,ZCM,922,6/20/2024,01:58:00,0,1,1,1,0,0,0.5714286,10000,0,0
unknown,ZCM,923,6/20/2024,01:59:00,0,1,1,1,0,0,0.5714286,10000,0,0
unknown,ZCM,924,6/20/2024,02:00:00,0,1,1,1,0,0,0.5714286,10000,0,0
unknown,ZCM,925,6/20/2024,02:01:00,0,1,1,1,0,0,0.5714286,10000,0,0
unknown,ZCM,926,6/20/2024,02:02:00,0,1,1,1,0,0,0.5714286,10000,0,0
unknown,ZCM,927,6/20/2024,02:03:00,0,1,1,1,0,0,0.5714286,10000,0,0
unknown,ZCM,928,6/20/2024,02:04:00,0,1,1,1,0,0,0.5714286,10000,0,0
unknown,ZCM,929,6/20/2024,02:05:00,0,1,1,1,0,0,0.5714286,10000,0,0
unknown,ZCM,930,6/20/2024,02:06:00,0,1,1,1,0,0,0.5714286,10000,0,0
unknown,ZCM,931,6/20/2024,02:07:00,4,1,1,1,0,0,0.5714286,10000,0,1.722222
unknown,ZCM,932,6/20/2024,02:08:00,0,1,1,1,0,0,0.5714286,10000,0,0
unknown,ZCM,933,6/20/2024,02:09:00,0,1,1,1,0,0,0.5714286,10000,0,0
unknown,ZCM,934,6/20/2024,02:10:00,0,1,1,1,0,0,0.5714286,10000,0,0
unknown,ZCM,935,6/20/2024,02:11:00,0,1,1,1,0,0,0.5714286,10000,0,0
unknown,ZCM,936,6/20/2024,02:12:00,0,1,1,1,0,0,0.5714286,10000,0,0
unknown,ZCM,937,6/20/2024,02:13:00,21,1,1,1,0,0,0.5714286,10000,0,24.88889
unknown,ZCM,938,6/20/2024,02:14:00,2,1,1,1,0,0,0.5714286,10000,0,0.5
unknown,ZCM,939,6/20/2024,02:15:00,0,1,1,1,0,0,0.5714286,10000,0,0
unknown,ZCM,940,6/20/2024,02:16:00,13,1,1,1,0,0,0.5714286,10000,0,8.5
unknown,ZCM,941,6/20/2024,02:17:00,0,1,1,1,0,0,0.5714286,10000,0,0
unknown,ZCM,942,6/20/2024,02:18:00,0,1,1,1,0,0,0.5714286,10000,0,0
unknown,ZCM,943,6/20/2024,02:19:00,0,1,1,1,0,0,0.5714286,10000,0,0
unknown,ZCM,944,6/20/2024,02:20:00,5,1,1,1,0,0,0.5714286,10000,0,3.222222
unknown,ZCM,945,6/20/2024,02:21:00,0,1,1,1,0,0,0.5714286,10000,0,0
unknown,ZCM,946,6/20/2024,02:22:00,0,1,1,1,0,0,0.5714286,10000,0,0
unknown,ZCM,947,6/20/2024,02:23:00,4,1,1,1,0,0,0.5714286,10000,0,0.6666667
unknown,ZCM,948,6/20/2024,02:24:00,3,1,1,1,0,0,0.5714286,10000,0,1.888889
unknown,ZCM,949,6/20/2024,02:25:00,0,1,1,1,0,0,0.5714286,10000,0,0
unknown,ZCM,950,6/20/2024,02:26:00,0,1,1,1,0,0,0.5714286,10000,0,0
unknown,ZCM,951,6/20/2024,02:27:00,0,1,1,1,0,0,0.5714286,10000,0,0
unknown,ZCM,952,6/20/2024,02:28:00,0,1,1,1,0,0,0.5714286,10000,0,0
unknown,ZCM,953,6/20/2024,02:29:00,0,1,1,1,0,0,0.5714286,10000,0,0
unknown,ZCM,954,6/20/2024,02:30:00,0,1,1,1,0,0,0.5714286,10000,0,0
unknown,ZCM,955,6/20/2024,02:31:00,69,1,1,1,0,0,0.5714286,10000,0,474.9445
unknown,ZCM,956,6/20/2024,02:32:00,4,1,1,1,0,0,0.5714286,10000,0,0.7777778
unknown,ZCM,957,6/20/2024,02:33:00,0,1,1,1,0,0,0.5714286,10000,0,0
unknown,ZCM,958,6/20/2024,02:34:00,0,1,1,1,0,0,0.5714286,10000,0,0
unknown,ZCM,959,6/20/2024,02:35:00,0,1,1,1,0,0,0.5714286,10000,0,0
unknown,ZCM,960,6/20/2024,02:36:00,14,1,1,1,0,0,0.5714286,10000,0,192.7778
unknown,ZCM,961,6/20/2024,02:37:00,132,0,1,1,0,0,0.5714286,10000,0,4090.333
unknown,ZCM,962,6/20/2024,02:38:00,0,1,1,1,0,0,0.5714286,10000,0,0
unknown,ZCM,963,6/20/2024,02:39:00,0,1,1,1,0,0,0.5714286,10000,0,0
unknown,ZCM,964,6/20/2024,02:40:00,58,0,1,1,0,0,0.5714286,10000,0,420.6111
unknown,ZCM,965,6/20/2024,02:41:00,0,1,1,1,0,0,0.5714286,10000,0,0
unknown,ZCM,966,6/20/2024,02:42:00,0,1,1,1,0,0,0.5714286,10000,0,0
unknown,ZCM,967,6/20/2024,02:43:00,0,1,1,1,0,0,0.5714286,10000,0,0
unknown,ZCM,968,6/20/2024,02:44:00,0,1,1,1,0,0,0.5714286,10000,0,0
unknown,ZCM,969,6/20/2024,02:45:00,0,1,1,1,0,0,0.5714286,10000,0,0
unknown,ZCM,970,6/20/2024,02:46:00,0,1,1,1,0,0,0.5714286,10000,0,0
unknown,ZCM,971,6/20/2024,02:47:00,0,1,1,1,0,0,0.5714286,10000,0,0
unknown,ZCM,972,6/20/2024,02:48:00,0,1,1,1,0,0,0.5714286,10000,0,0
unknown,ZCM,973,6/20/2024,02:49:00,0,1,1,1,0,0,0.5714286,10000,0,0
unknown,ZCM,974,6/20/2024,02:50:00,0,1,1,1,0,0,0.5714286,10000,0,0
unknown,ZCM,975,6/20/2024,02:51:00,0,1,1,1,0,0,0.5714286,10000,0,0
unknown,ZCM,976,6/20/2024,02:52:00,22,1,1,1,0,0,0.5714286,10000,0,117.5
unknown,ZCM,977,6/20/2024,02:53:00,61,0,1,1,0,0,0.5714286,10000,0,287.4445
unknown,ZCM,978,6/20/2024,02:54:00,75,0,1,1,0,0,0.5714286,10000,0,513.6667
unknown,ZCM,979,6/20/2024,02:55:00,37,0,1,1,0,0,0.5714286,10000,0,726.6667
unknown,ZCM,980,6/20/2024,02:56:00,0,0,1,1,0,0,0.5714286,10000,0,0
unknown,ZCM,981,6/20/2024,02:57:00,0,0,1,1,0,0,0.5714286,10000,0,0
unknown,ZCM,982,6/20/2024,02:58:00,92,0,1,1,0,0,0.5714286,10000,0,868.1111
unknown,ZCM,983,6/20/2024,02:59:00,118,0,1,1,0,0,0.5714286,10000,0,752.8889
unknown,ZCM,984,6/20/2024,03:00:00,41,0,1,1,0,0,0.5714286,10000,0,249.7222
unknown,ZCM,985,6/20/2024,03:01:00,4,0,1,1,0,0,0.5714286,10000,0,1.333333
unknown,ZCM,986,6/20/2024,03:02:00,0,0,1,1,0,0,0.5714286,10000,0,0
unknown,ZCM,987,6/20/2024,03:03:00,65,0,1,1,0,0,0.5714286,10000,0,651.2778
unknown,ZCM,988,6/20/2024,03:04:00,66,0,1,1,0,0,0.5714286,10000,0,596.6667
unknown,ZCM,989,6/20/2024,03:05:00,144,0,1,1,0,0,0.5714286,10000,0,1729.222
unknown,ZCM,990,6/20/2024,03:06:00,72,0,1,1,0,0,0.5714286,10000,0,816.7222
unknown,ZCM,991,6/20/2024,03:07:00,109,0,1,1,0,0,0.5714286,10000,0,620.6111
unknown,ZCM,992,6/20/2024,03:08:00,0,0,1,1,0,0,0.5714286,10000,0,0
unknown,ZCM,993,6/20/2024,03:09:00,60,0,1,1,0,0,0.5714286,10000,0,457.6111
unknown,ZCM,994,6/20/2024,03:10:00,0,0,1,1,0,0,0.5714286,10000,0,0
unknown,ZCM,995,6/20/2024,03:11:00,0,1,1,1,0,0,0.5714286,10000,0,0
unknown,ZCM,996,6/20/2024,03:12:00,0,1,1,1,0,0,0.5714286,10000,0,0
unknown,ZCM,997,6/20/2024,03:13:00,0,1,1,1,0,0,0.5714286,10000,0,0
unknown,ZCM,998,6/20/2024,03:14:00,0,1,1,1,0,0,0.5714286,10000,0,0
unknown,ZCM,999,6/20/2024,03:15:00,0,1,1,1,0,0,0.5714286,10000,0,0
